品番,品名,整備室,仕入先名/工場名,間口(vlook),間口,通箱名,かんばん情報.収容数,登録箱種,納入ｻｲｸﾙ.間隔,納入ｻｲｸﾙ.回数,納入ｻｲｸﾙ.情報,基準在庫.日数,基準在庫.枚数,MIN在庫日数,MAX在庫日数,便平均上限振れ率,便平均下限振れ率
35080ECB010,"GEAR ASSY, COUNTER DRIVEN & DIFF PINION",1Y,第２,A2,A2,TP-332,3,,1,1,1,1.25,3,1.25,1.25,1.1,0.5
35080ECE010,"GEAR ASSY, COUNTER DRIVEN & DIFF PINION",1Y,第２,A2,A2,TP-332,3,,1,1,1,1.25,3,1.25,1.25,1.1,0.5
35080ECE020,"GEAR ASSY, COUNTER DRIVEN & DIFF PINION",1Y,第２,A2,A2,TP-332,3,,1,1,1,1.25,3,1.25,1.25,1.1,0.5
35782ECB010,"GEAR, COUNTER DRIVE",1Y,第２,A1,A1,TP-331,3,,1,1,1,1.25,3,1.25,1.25,1.1,0.5
35782ECE010,"GEAR, COUNTER DRIVE",1Y,第２,A1,A1,TP-331,3,,1,1,1,1.25,3,1.25,1.25,1.1,0.5
35782ECE020,"GEAR, COUNTER DRIVE",1Y,第２,A1,A1,TP-331,3,,1,1,1,1.25,3,1.25,1.25,1.1,0.5
35782ECE030,"GEAR, COUNTER DRIVE",1Y,第２,A1,A1,TP-331,3,,1,1,1,1.25,3,1.25,1.25,1.1,0.5
41221ECB010,"GEAR, DIFFERENTIAL RING",1Y,第２,A2,A2,TP-332.5,3,,1,1,1,1.25,3,1.25,1.25,1.1,0.5
41221ECE010,"GEAR, DIFFERENTIAL RING",1Y,第２,A2,A2,TP-332.5,3,,1,1,1,1.25,3,1.25,1.25,1.1,0.5
G1104ECA040,"STATOR SUB-ASSY, MOTOR",1Y,岡東,B3,B3,TP-343,1,TP331.5ﾌﾀｱﾘ,1,1,0.38,0.3,0,0.59,0.59,1.1,0.5
35300ECB010,"PUMP ASSY, OIL W/MOTOR",1Y,アイシン精機（株）,B1,B1,TP-341,12,TP341ﾌﾀﾅｼ,1,4,8.04,1.12,3,1.12,1.12,1.1,0.5
355806GA020,"ACTUATOR ASSY, SHIFT CONTROL",1Y,アイシン精機（株）,B2,B2,TP-342,6,TP342ﾌﾀｱﾘ,1,4,8.04,1.12,3,1.12,1.12,1.1,0.5
35580ECB010,"ACTUATOR ASSY, SHIFT CONTROL",1Y,アイシン精機（株）,B2,B2,TP-342,6,TP342ﾌﾀｱﾘ,1,4,8.04,1.12,3,1.12,1.12,1.1,0.5
35580ECB011,"ACTUATOR ASSY, SHIFT CONTROL",1Y,アイシン精機（株）,B2,B2,TP-342,6,TP342ﾌﾀｱﾘ,1,4,8.04,1.12,3,1.12,1.12,1.1,0.5
1040052001Z,"PLUG, W/HEAD STRAIGHT SCREW",1Y,（株）青山製作所,A1,A1,TP-131,200,TP131ﾌﾀﾅｼ,1,6,5.76,0.95,3,0.95,0.95,1.1,0.5
1040183011P,"BOLT, FLANGE",1Y,（株）青山製作所,A1,A1,TP-331,500,TP331ﾌﾀﾅｼ,1,6,5.76,0.95,3,0.95,0.95,1.1,0.5
3040052001B,"PLUG, W/HEAD STRAIGHT SCREW",1Y,（株）青山製作所,A1,A1,TP-331,500,TP331ﾌﾀﾅｼ,1,6,5.76,0.95,3,0.95,0.95,1.1,0.5
9010506A003,"BOLT, FLANGE",1Y,（株）青山製作所,A1,A1,TP-331,2000,TP331ﾌﾀﾅｼ,1,6,5.76,0.95,3,0.95,0.95,1.1,0.5
9010506A089,"BOLT, FLANGE",1Y,（株）青山製作所,A1,A1,TP-331,1500,TP331ﾌﾀﾅｼ,1,6,5.76,0.95,3,0.95,0.95,1.1,0.5
9010508A014,"BOLT, FLANGE",1Y,（株）青山製作所,A1,A1,TP-331,500,TP331ﾌﾀﾅｼ,1,6,5.76,0.95,3,0.95,0.95,1.1,0.5
9010508A042,"BOLT, FLANGE",1Y,（株）青山製作所,A1,A1,TP-331,300,TP331ﾌﾀﾅｼ,1,6,5.76,0.95,3,0.95,0.95,1.1,0.5
9010512A018,"BOLT, FLANGE",1Y,（株）青山製作所,A1,A1,TP-331,200,TP331ﾌﾀﾅｼ,1,6,5.76,0.95,3,0.95,0.95,1.1,0.5
9011906908,"BOLT, W/WASHER",1Y,（株）青山製作所,A1,A1,TP-331,2000,TP331ﾌﾀﾅｼ,1,6,5.76,0.95,3,0.95,0.95,1.1,0.5
9011906A065,"BOLT, FLANGE W/WASHER",1Y,（株）青山製作所,A1,A1,TP-331,1000,TP331ﾌﾀﾅｼ,1,6,5.76,0.95,3,0.95,0.95,1.1,0.5
9014860027,"SCREW, HEX LOBULAR",1Y,（株）青山製作所,A1,A1,TP-331,2000,TP331ﾌﾀﾅｼ,1,6,5.76,0.95,3,0.95,0.95,1.1,0.5
9014908A008,SCREW,1Y,（株）青山製作所,A1,A1,TP-331,800,TP331ﾌﾀﾅｼ,1,6,5.76,0.95,3,0.95,0.95,1.1,0.5
9015905A007,"SCREW, W/WASHER",1Y,（株）青山製作所,A1,A1,TP-331,2000,TP331ﾌﾀﾅｼ,1,6,5.76,0.95,3,0.95,0.95,1.1,0.5
9015906A017,"SCREW, W/WASHER",1Y,（株）青山製作所,A1,A1,TP-331,1000,TP331ﾌﾀﾅｼ,1,6,5.76,0.95,3,0.95,0.95,1.1,0.5
9015906A021,"SCREW, W/WASHER",1Y,（株）青山製作所,A1,A1,TP-331,1200,TP331ﾌﾀﾅｼ,1,6,5.76,0.95,3,0.95,0.95,1.1,0.5
9015906A022,"SCREW, W/WASHER",1Y,（株）青山製作所,A1,A1,TP-331,1500,TP331ﾌﾀﾅｼ,1,6,5.76,0.95,3,0.95,0.95,1.1,0.5
9015906A023,"SCREW, W/WASHER",1Y,（株）青山製作所,A1,A1,TP-331,1300,TP331ﾌﾀﾅｼ,1,6,5.76,0.95,3,0.95,0.95,1.1,0.5
9034114A004,"PLUG, W/HEAD STRAIGHT SCREW",1Y,（株）青山製作所,A1,A1,TP-331,500,TP331ﾌﾀﾅｼ,1,6,5.76,0.95,3,0.95,0.95,1.1,0.5
9034118A024,"PLUG, W/HEAD STRAIGHT SCREW",1Y,（株）青山製作所,A1,A1,TP-131,200,TP131ﾌﾀﾅｼ,1,6,5.76,0.95,3,0.95,0.95,1.1,0.5
9093003179,"PLUG, BREATHER",1Y,（株）青山製作所,A1,A1,TP-331,500,TP331ﾌﾀﾅｼ,1,6,5.76,0.95,3,0.95,0.95,1.1,0.5
9155180614,"BOLT, FLANGE",1Y,（株）青山製作所,A1,A1,TP-331,1500,TP331ﾌﾀﾅｼ,1,6,5.76,0.95,3,0.95,0.95,1.1,0.5
9155180640,"BOLT, FLANGE",1Y,（株）青山製作所,A1,A1,TP-331,1000,TP331ﾌﾀﾅｼ,1,6,5.76,0.95,3,0.95,0.95,1.1,0.5
9161140614,"BOLT, W/WASHER",1Y,（株）青山製作所,A1,A1,TP-331,2500,TP331ﾌﾀﾅｼ,1,6,5.76,0.95,3,0.95,0.95,1.1,0.5
9167180618,"BOLT, FLANGE W/WASHER",1Y,（株）青山製作所,A1,A1,TP-331,1000,TP331ﾌﾀﾅｼ,1,6,5.76,0.95,3,0.95,0.95,1.1,0.5
G1163ECA010,"BOLT, MOTOR STATOR YOKE",1Y,（株）青山製作所,A1,A1,TP-331,70,TP331ﾌﾀﾅｼ,1,6,5.76,0.95,3,0.95,0.95,1.1,0.5
G1163ECB010,"BOLT, MOTOR STATOR YOKE",1Y,（株）青山製作所,A1,A1,TP-331,80,TP331ﾌﾀﾅｼ,1,6,5.76,0.95,3,0.95,0.95,1.1,0.5
G1163ECE010,"BOLT, MOTOR STATOR YOKE",1Y,（株）青山製作所,A1,A1,TP-331,100,TP331ﾌﾀﾅｼ,1,6,5.76,0.95,3,0.95,0.95,1.1,0.5
35145ECE020,"PLATE, OIL",1Y,（株）浅賀井製作所,A1,A1,TP-131,100,TP331ﾌﾀﾅｼ,1,4,6.88,1.08,3,1.08,1.08,1.1,0.5
35174ECA020,"PLATE, OIL RESERVOIR LOCK",1Y,（株）浅賀井製作所,A2,A2,TP-332,30,TP332ﾌﾀﾅｼ,1,4,6.88,1.08,3,1.08,1.08,1.1,0.5
35174ECB010,"PLATE, OIL RESERVOIR LOCK",1Y,（株）浅賀井製作所,A2,A2,TP-332,20,TP332ﾌﾀﾅｼ,1,4,6.88,1.08,3,1.08,1.08,1.1,0.5
35174ECE010,"PLATE, OIL RESERVOIR LOCK",1Y,（株）浅賀井製作所,A2,A2,TP-332,40,TP332ﾌﾀﾅｼ,1,4,6.88,1.08,3,1.08,1.08,1.1,0.5
35174ECE020,"PLATE, OIL RESERVOIR LOCK",1Y,（株）浅賀井製作所,A1,A1,TP-331,90,TP331ﾌﾀﾅｼ,1,4,6.88,1.08,3,1.08,1.08,1.1,0.5
35312ECB010,"COVER, TRANSMISSION, OIL PUMP",1Y,（株）旭工業所,A1,A1,TP-331,63,TP331ﾌﾀｱﾘ,1,1,1.9,1.04,3,1.04,1.04,1.1,0.5
01912ECB040,"CAP, SHIPPING",1Y,愛産樹脂工業（株）,B2,B2,TP-342,50,TP342ﾌﾀﾅｼ,1,1,2.12,0.88,3,0.88,0.88,1.1,0.5
019128GA010,"CAP, SHIPPING",1Y,石黒ゴム工業（株）,B2,B2,TP-342,50,TP342ﾌﾀﾅｼ,1,2,3.64,1.28,3,1.28,1.28,1.1,0.5
01912ECB010,"CAP, SHIPPING",1Y,石黒ゴム工業（株）,A2,A2,TP-332,300,TP332ﾌﾀﾅｼ,1,2,3.64,1.28,3,1.28,1.28,1.1,0.5
82821CWA030,"COVER, CONNECTOR",1Y,石黒ゴム工業（株）,A2,A2,TP-332,200,TP332ﾌﾀﾅｼ,1,2,3.64,1.28,3,1.28,1.28,1.1,0.5
82821ECB010,"COVER, CONNECTOR",1Y,石黒ゴム工業（株）,A2,A2,TP-332,400,TP332ﾌﾀﾅｼ,1,2,3.64,1.28,3,1.28,1.28,1.1,0.5
82821ECB020,"COVER, CONNECTOR",1Y,石黒ゴム工業（株）,A1,A1,TP-131,200,TP131ﾌﾀﾅｼ,1,2,3.64,1.28,3,1.28,1.28,1.1,0.5
82821ECB040,"COVER, CONNECTOR",1Y,石黒ゴム工業（株）,B2,B2,TP-342,100,TP342ﾌﾀﾅｼ,1,2,3.64,1.28,3,1.28,1.28,1.1,0.5
82821ECB050,"COVER, CONNECTOR",1Y,石黒ゴム工業（株）,A2,A2,TP-332,100,TP332ﾌﾀﾅｼ,1,2,3.64,1.28,3,1.28,1.28,1.1,0.5
82821ECE010,"COVER, CONNECTOR",1Y,石黒ゴム工業（株）,A2,A2,TP-332,50,TP332ﾌﾀﾅｼ,1,2,3.64,1.28,3,1.28,1.28,1.1,0.5
82821XAE010,"COVER, CONNECTOR",1Y,石黒ゴム工業（株）,A1,A1,TP-131,100,TP131ﾌﾀﾅｼ,1,2,3.64,1.28,3,1.28,1.28,1.1,0.5
82821XAE020,"COVER, CONNECTOR",1Y,石黒ゴム工業（株）,A2,A2,TP-332,400,TP332ﾌﾀﾅｼ,1,2,3.64,1.28,3,1.28,1.28,1.1,0.5
2030045013L,GASKET,1Y,伊藤金属工業（株）,A1,A1,TP-331,2000,TP331ﾌﾀﾅｼ,1,1,1.96,1.05,3,1.05,1.05,1.1,0.5
36108ECB010,"SHAFT SUB-ASSY, OIL PUMP DRIVE",1Y,（株）オーハシテクニカ,A2,A2,TP-331-5,150,TP331.5ﾌﾀﾅｼ,1,1,1.97,1.05,3,1.05,1.05,1.1,0.5
35501ECA020,"ROD SUB-ASSY, PARKING LOCK",1Y,大橋鉄工（株）,A1,A1,TP-331,100,TP331ﾌﾀﾅｼ,1,1,1.39,0.99,3,0.99,0.99,1.1,0.5
35501ECB010,"ROD SUB-ASSY, PARKING LOCK",1Y,大橋鉄工（株）,A1,A1,TP-331,100,TP331ﾌﾀﾅｼ,1,1,1.39,0.99,3,0.99,0.99,1.1,0.5
9034120A009,"PLUG, W/HEAD STRAIGHT SCREW",1Y,大橋鉄工（株）,A1,A1,TP-331,100,TP331ﾌﾀﾅｼ,1,1,1.39,0.99,3,0.99,0.99,1.1,0.5
9036345A004,"BEARING, RADIAL BALL",1Y,岡谷鋼機（株）,B1,B1,ｻﾝﾎﾞｯｸｽ#9T,90,ｻﾝﾎﾞｯｸｽ#9Bﾌﾀﾅｼ,1,1,2.29,1.08,3,1.08,1.08,1.1,0.5
35557ECA020,"PAWL, PARKING LOCK",1Y,小川工業（株）,A1,A1,TP-131,56,TP131ﾌﾀﾅｼ,1,2,5,1.1,3,1.1,1.1,1.1,0.5
35557ECB010,"PAWL, PARKING LOCK",1Y,小川工業（株）,A1,A1,TP-131,46,TP131ﾌﾀﾅｼ,1,2,5,1.1,3,1.1,1.1,1.1,0.5
41310ECB010,"GEAR ASSY, DIFFERENTIAL",1Y,（株）オンド,B3,B3,ｻﾝﾎﾞｯｸｽ#24-A,2,ｻﾝﾎﾞｯｸｽ#24Aﾌﾀｱﾘ,1,4,4,1.31,3,1.31,1.31,1.1,0.5
41310ECE010,"GEAR ASSY, DIFFERENTIAL",1Y,（株）オンド,B3,B3,ｻﾝﾎﾞｯｸｽ#24-A,2,ｻﾝﾎﾞｯｸｽ#24Aﾌﾀｱﾘ,1,4,4,1.31,3,1.31,1.31,1.1,0.5
1040043104R,"PIN, STRAIGHT",1Y,（株）ギフ加藤製作所,A1,A1,AW-131,1000,AW131ﾌﾀﾅｼ,1,2,3.8,1.11,3,1.11,1.11,1.1,0.5
35556ECB010,"SHAFT, PARKING LOCK PAWL",1Y,（株）ギフ加藤製作所,A1,A1,TP-131,100,AW131ﾌﾀﾅｼ,1,2,3.8,1.11,3,1.11,1.11,1.1,0.5
9025006A007,"PIN, STRAIGHT",1Y,（株）ギフ加藤製作所,A1,A1,AW-131,200,AW131ﾌﾀﾅｼ,1,2,3.8,1.11,3,1.11,1.11,1.1,0.5
33490ECA010,"COOLER ASSY, OIL",1Y,マレリ（株）,A2,A2,TP-331-5,4,TP331.5ﾌﾀｱﾘ,1,2,3.92,1.23,3,1.23,1.23,1.1,0.5
33490ECB010,"COOLER ASSY, OIL",1Y,マレリ（株）,A2,A2,TP-332,4,TP331.5ﾌﾀｱﾘ,1,2,3.92,1.23,3,1.23,1.23,1.1,0.5
33490ECE010,"COOLER ASSY, OIL",1Y,マレリ（株）,A2,A2,TP-332,4,TP331.5ﾌﾀｱﾘ,1,2,3.92,1.23,3,1.23,1.23,1.1,0.5
9036628A005,"RACE, TAPERED ROLLER BEARING, INNER",1Y,（株）ジェイテクト,B1,B1,PT-9,60,ｻﾝﾎﾞｯｸｽ#9Fﾌﾀﾅｼ,1,1,1.9,1.02,3,1.02,1.02,1.1,0.5
9036628A006,"RACE, TAPERED ROLLER BEARING, OUTER",1Y,（株）ジェイテクト,B1,B1,PT-9,80,ｻﾝﾎﾞｯｸｽ#9Fﾌﾀﾅｼ,1,1,1.9,1.02,3,1.02,1.02,1.1,0.5
9036628A007,"RACE, TAPERED ROLLER BEARING, INNER",1Y,（株）ジェイテクト,B1,B1,PT-9,72,ｻﾝﾎﾞｯｸｽ#9Fﾌﾀﾅｼ,1,1,1.9,1.02,3,1.02,1.02,1.1,0.5
9036628A008,"RACE, TAPERED ROLLER BEARING, OUTER",1Y,（株）ジェイテクト,B1,B1,PT-9,100,ｻﾝﾎﾞｯｸｽ#9Fﾌﾀﾅｼ,1,1,1.9,1.02,3,1.02,1.02,1.1,0.5
9036630A016,"RACE, TAPERED ROLLER BEARING, INNER",1Y,（株）ジェイテクト,B1,B1,PT-9,38,ｻﾝﾎﾞｯｸｽ#9Fﾌﾀﾅｼ,1,1,1.9,1.02,3,1.02,1.02,1.1,0.5
9036630A017,"RACE, TAPERED ROLLER BEARING, OUTER",1Y,（株）ジェイテクト,B1,B1,PT-9,72,ｻﾝﾎﾞｯｸｽ#9Fﾌﾀﾅｼ,1,1,1.9,1.02,3,1.02,1.02,1.1,0.5
9036630A018,"RACE, TAPERED ROLLER BEARING, INNER",1Y,（株）ジェイテクト,B1,B1,PT-9,38,ｻﾝﾎﾞｯｸｽ#9Fﾌﾀﾅｼ,1,1,1.9,0.75,3,0.75,0.75,1.1,0.5
9036651A030,"RACE, TAPERED ROLLER BEARING, INNER",1Y,（株）ジェイテクト,B1,B1,PT-9,48,ｻﾝﾎﾞｯｸｽ#9Fﾌﾀﾅｼ,1,1,1.9,1.02,3,1.02,1.02,1.1,0.5
9036651A031,"RACE, TAPERED ROLLER BEARING, OUTER",1Y,（株）ジェイテクト,B1,B1,PT-9,54,ｻﾝﾎﾞｯｸｽ#9Fﾌﾀﾅｼ,1,1,1.9,1.02,3,1.02,1.02,1.1,0.5
9036652A003,"RACE, TAPERED ROLLER BEARING, INNER",1Y,（株）ジェイテクト,B1,B1,PT-9,60,ｻﾝﾎﾞｯｸｽ#9Fﾌﾀﾅｼ,1,1,1.9,1.02,3,1.02,1.02,1.1,0.5
9036652A004,"RACE, TAPERED ROLLER BEARING, OUTER",1Y,（株）ジェイテクト,B1,B1,PT-9,63,ｻﾝﾎﾞｯｸｽ#9Fﾌﾀﾅｼ,1,1,1.9,1.02,3,1.02,1.02,1.1,0.5
9036658A001,"RACE, TAPERED ROLLER BEARING, INNER",1Y,（株）ジェイテクト,B1,B1,PT-9,45,ｻﾝﾎﾞｯｸｽ#9Fﾌﾀﾅｼ,1,1,1.9,1.02,3,1.02,1.02,1.1,0.5
9036658A002,"RACE, TAPERED ROLLER BEARING, OUTER",1Y,（株）ジェイテクト,B1,B1,PT-9,36,ｻﾝﾎﾞｯｸｽ#9Fﾌﾀﾅｼ,1,1,1.9,1.02,3,1.02,1.02,1.1,0.5
9036659A009,"RACE, TAPERED ROLLER BEARING, INNER",1Y,（株）ジェイテクト,B1,B1,PT-9,36,ｻﾝﾎﾞｯｸｽ#9Fﾌﾀﾅｼ,1,1,1.9,1.02,3,1.02,1.02,1.1,0.5
9036659A010,"RACE, TAPERED ROLLER BEARING, OUTER",1Y,（株）ジェイテクト,B1,B1,PT-9,36,ｻﾝﾎﾞｯｸｽ#9Fﾌﾀﾅｼ,1,1,1.9,1.02,3,1.02,1.02,1.1,0.5
35352ECB010,"ROTOR, TRANSMISSION OIL PUMP DRIVEN",1Y,五興商事（株）,A1,A1,TP-331,504,TP331ﾌﾀｱﾘ,1,1,1.97,1.05,3,1.05,1.05,1.1,0.5
G9201ECA010,"COVER SUB-ASSY, INVERTER",1Y,佐藤工業（株）,B2,B2,ｻﾝﾎﾞｯｸｽ#20B,8,T-20-3ﾌﾀﾅｼ,1,2,1.82,0.95,3,0.95,0.95,1.1,0.5
G9201ECB030,"COVER SUB-ASSY, INVERTER",1Y,佐藤工業（株）,B2,B2,ｻﾝﾎﾞｯｸｽ#20B,8,T-20-3ﾌﾀﾅｼ,1,2,1.82,0.95,3,0.95,0.95,1.1,0.5
G9201ECE010,"COVER SUB-ASSY, INVERTER",1Y,佐藤工業（株）,B2,B2,ｻﾝﾎﾞｯｸｽ#20B,8,ｻﾝﾎﾞｯｸｽ#20Bﾌﾀﾅｼ,1,2,1.82,0.95,3,0.95,0.95,1.1,0.5
G9221ECB010,"COVER, INVERTER",1Y,佐藤工業（株）,B2,B2,ｻﾝﾎﾞｯｸｽ#20B,8,,1,1,1,0.75,3,0.75,0.75,1.1,0.5
1040113002P,"PLUG, TIGHT",1Y,サトープレス工業（株）,A1,A1,TP-131,200,AW131ﾌﾀﾅｼ,1,1,1.78,1.03,3,1.03,1.03,1.1,0.5
35145ECA020,"PLATE, OIL",1Y,サトープレス工業（株）,A1,A1,TP-131,100,AW131ﾌﾀﾅｼ,1,1,1.78,1.03,3,1.03,1.03,1.1,0.5
35198ECE010,"BRACKET, WIRE HARNESS CLAMP",1Y,サトープレス工業（株）,A1,A1,AW-331,200,TP331ﾌﾀﾅｼ,1,1,1.78,1.03,3,1.03,1.03,1.1,0.5
3548255A010,"CLAMP, TEMPERATURE SENSOR",1Y,サトープレス工業（株）,A1,A1,AW-131,300,AW131ﾌﾀﾅｼ,1,1,1.78,1.03,3,1.03,1.03,1.1,0.5
35482TFA010,"CLAMP, TEMPERATURE SENSOR",1Y,サトープレス工業（株）,A1,A1,TP-131,1000,AW131ﾌﾀﾅｼ,1,1,1.78,1.03,3,1.03,1.03,1.1,0.5
35595ECA010,"BRACKET, PARKING LOCK PAWL",1Y,サトープレス工業（株）,A1,A1,TP-131,40,TP331ﾌﾀﾅｼ,1,1,1.78,1.03,3,1.03,1.03,1.1,0.5
35595ECB010,"BRACKET, PARKING LOCK PAWL",1Y,サトープレス工業（株）,A1,A1,TP-131,40,TP331ﾌﾀﾅｼ,1,1,1.78,1.03,3,1.03,1.03,1.1,0.5
5040056001E,"CLAMP, TUBE",1Y,サトープレス工業（株）,A1,A1,AW-131,300,AW131ﾌﾀﾅｼ,1,1,1.78,1.03,3,1.03,1.03,1.1,0.5
9033106A003,"PLUG, TIGHT",1Y,サトープレス工業（株）,A1,A1,AW-131,5000,AW131ﾌﾀﾅｼ,1,1,1.78,1.03,3,1.03,1.03,1.1,0.5
9033106A006,"PLUG, TIGHT",1Y,サトープレス工業（株）,A1,A1,TP-131,500,AW131ﾌﾀﾅｼ,1,1,1.78,1.03,3,1.03,1.03,1.1,0.5
9033128A001,"PLUG, TIGHT",1Y,サトープレス工業（株）,A1,A1,TP-331,500,AW131ﾌﾀﾅｼ,1,1,1.78,1.03,3,1.03,1.03,1.1,0.5
9033904A002,CAP,1Y,サトープレス工業（株）,A1,A1,AW-131,1000,AW131ﾌﾀﾅｼ,1,1,1.78,1.03,3,1.03,1.03,1.1,0.5
9033904A003,CAP,1Y,サトープレス工業（株）,A1,A1,AW-131,2000,AW131ﾌﾀﾅｼ,1,1,1.78,1.03,3,1.03,1.03,1.1,0.5
35145ECA010,"PLATE, OIL",1Y,三共鋼業（株）,A1,A1,AW-131,150,TP131ﾌﾀﾅｼ,1,1,1.74,1.03,3,1.03,1.03,1.1,0.5
35145ECB010,"PLATE, OIL",1Y,三共鋼業（株）,A1,A1,AW-131,100,TP131ﾌﾀﾅｼ,1,1,1.74,1.03,3,1.03,1.03,1.1,0.5
35145ECE010,"PLATE, OIL",1Y,三共鋼業（株）,A1,A1,AW-131,100,TP131ﾌﾀﾅｼ,1,1,1.74,1.03,3,1.03,1.03,1.1,0.5
35195ECE010,"CLAMP, TUBE",1Y,三共鋼業（株）,A1,A1,TP-131,400,TP131ﾌﾀﾅｼ,1,1,1.74,1.03,3,1.03,1.03,1.1,0.5
35195TFG010,"CLAMP, TRANSAXLE APPLY TUBE, NO.1",1Y,三共鋼業（株）,A1,A1,TP-131,400,TP131ﾌﾀﾅｼ,1,1,1.74,1.03,3,1.03,1.03,1.1,0.5
35257ECA010,"PLATE, OIL GUIDE",1Y,三共鋼業（株）,A1,A1,TP-331,100,TP131ﾌﾀﾅｼ,1,1,1.74,1.03,3,1.03,1.03,1.1,0.5
35285ECA010,"CLAMP, SOLENOID",1Y,三共鋼業（株）,A1,A1,TP-131,500,TP131ﾌﾀﾅｼ,1,1,1.74,1.03,3,1.03,1.03,1.1,0.5
9046214A008,CLAMP,1Y,三共鋼業（株）,A1,A1,TP-331,100,TP131ﾌﾀﾅｼ,1,1,1.74,1.03,3,1.03,1.03,1.1,0.5
9046214A009,CLAMP,1Y,三共鋼業（株）,A1,A1,TP-331,100,TP131ﾌﾀﾅｼ,1,1,1.74,1.03,3,1.03,1.03,1.1,0.5
35771ECB010,"SHAFT, OUTPUT",1Y,アイシン機工（株）,B1,B1,TP-341,4,TP341ﾌﾀﾅｼ,1,6,4.92,0.91,3,0.91,0.91,1.1,0.5
35771ECE010,"SHAFT, OUTPUT",1Y,アイシン機工（株）,B1,B1,TP-341,6,TP341ﾌﾀﾅｼ,1,6,4.92,0.91,3,0.91,0.91,1.1,0.5
35141ECA020,"CASE, TRANSAXLE",1Y,（株）アイシン福井,0,0,Aﾊﾟﾚ,6,Aﾊﾟﾚﾌﾀﾅｼ,1,24,19.68,0.83,3,0.83,0.83,1.1,0.5
35141ECB010,"CASE, TRANSAXLE",1Y,（株）アイシン福井,0,0,Aﾊﾟﾚ,16,Aﾊﾟﾚﾌﾀﾅｼ,1,24,19.68,0.83,3,0.83,0.83,1.1,0.5
35141ECE010,"CASE, TRANSAXLE",1Y,（株）アイシン福井,0,0,Aﾊﾟﾚ,20,Aﾊﾟﾚﾌﾀﾅｼ,1,24,19.68,0.84,3,0.84,0.84,1.1,0.5
39171ECA040,"COVER, MOTOR HOUSING",1Y,（株）アイシン福井,0,0,Aﾊﾟﾚ,36,Aﾊﾟﾚﾌﾀﾅｼ,1,24,19.68,0.83,3,0.83,0.83,1.1,0.5
39171ECB010,"COVER, MOTOR HOUSING",1Y,（株）アイシン福井,0,0,Aﾊﾟﾚ,16,Aﾊﾟﾚﾌﾀﾅｼ,1,24,19.68,0.83,3,0.83,0.83,1.1,0.5
39171ECE010,"COVER, MOTOR HOUSING",1Y,（株）アイシン福井,0,0,Aﾊﾟﾚ,20,Aﾊﾟﾚﾌﾀﾅｼ,1,24,19.68,0.84,3,0.84,0.84,1.1,0.5
01912ECB060,"CAP, SHIPPING",1Y,新光ゴム工業（株）,A1,A1,TP-331,400,TP331ﾌﾀﾅｼ,1,1,3.25,0.99,3,0.99,0.99,1.1,0.5
2030052002N,"PLUG, W/HEAD STRAIGHT SCREW",1Y,（株）杉浦製作所,A1,A1,TP-331,300,TP331ﾌﾀﾅｼ,1,2,1.06,0.98,3,0.98,0.98,1.1,0.5
9011606048,"BOLT, STUD",1Y,（株）杉浦製作所,A1,A1,TP-331,3000,TP331ﾌﾀﾅｼ,1,2,1.06,0.98,3,0.98,0.98,1.1,0.5
9034108A006,"PLUG, W/HEAD STRAIGHT SCREW",1Y,（株）杉浦製作所,A1,A1,TP-331,1000,TP331ﾌﾀﾅｼ,1,2,1.06,0.98,3,0.98,0.98,1.1,0.5
9034108A007,"PLUG, W/HEAD STRAIGHT SCREW",1Y,（株）杉浦製作所,A1,A1,TP-331,1000,TP331ﾌﾀﾅｼ,1,2,1.06,0.98,3,0.98,0.98,1.1,0.5
9034108A010,"PLUG, W/HEAD STRAIGHT SCREW",1Y,（株）杉浦製作所,A1,A1,TP-331,1000,TP331ﾌﾀﾅｼ,1,2,1.06,0.98,3,0.98,0.98,1.1,0.5
9034118090,"PLUG, W/HEAD STRAIGHT SCREW",1Y,（株）杉浦製作所,A1,A1,TP-331,300,TP331ﾌﾀﾅｼ,1,2,1.06,0.98,3,0.98,0.98,1.1,0.5
3559850A010,"PIN SUB-ASSY, PARKING LOCK",1Y,アイコー（株）,A1,A1,AW-131,100,TP131ﾌﾀﾅｼ,1,2,3.92,1.32,3,1.32,1.32,1.1,0.5
9056020006,SPACER,1Y,アイコー（株）,A1,A1,TP-131,400,TP131ﾌﾀﾅｼ,1,2,3.92,1.32,3,1.32,1.32,1.1,0.5
9034118060,"PLUG, W/HEAD STRAIGHT SCREW",1Y,住友商事（株）鉄鋼部輸送機材,A1,A1,TP-331,300,TP331ﾌﾀﾅｼ,1,1,3,1.15,3,1.15,1.15,1.1,0.5
82824ECE010,"CONNECTOR, WIRING HARNESS",1Y,住友電装（株）,A2,A2,TP-332,45,TP332ﾌﾀｱﾘ,1,1,1,0.99,3,0.99,0.99,1.1,0.5
82824ECE010,"CONNECTOR, WIRING HARNESS",1Y,住友電装（株）,A2,A2,TP-332,45,TP332ﾌﾀｱﾘ,1,1,3.25,0.99,3,0.99,0.99,1.1,0.5
G1174ECB010,"WIRE, MOTOR REVOLUTION SENSOR",1Y,住友電装（株）,B2,B2,TP-362,50,TP362ﾌﾀﾅｼ,1,1,2.28,1.08,3,1.08,1.08,1.1,0.5
G1174ECE010,"WIRE, MOTOR REVOLUTION SENSOR",1Y,住友電装（株）,B2,B2,TP-362,50,TP362ﾌﾀﾅｼ,1,1,2.28,1.08,3,1.08,1.08,1.1,0.5
G1144ECB010,"TERMINAL, MOTOR CABLE",1Y,住友電気工業（株）,A1,A1,TP-331,6,TP331ﾌﾀﾅｼ,1,1,2.28,1.08,3,1.08,1.08,1.1,0.5
G1172ECA010,"ROTOR, MOTOR REVOLUTION SENSOR",1Y,多摩川精機販売（株）,A2,A2,TP-331-5,270,TP331.5ﾌﾀﾅｼ,1,1,3.05,1.16,3,1.16,1.16,1.1,0.5
G117362010,"SENSOR, MOTOR REVOLUTION",1Y,多摩川精機販売（株）,A2,A2,TP-331-5,18,TP331.5ﾌﾀﾅｼ,1,1,3.05,1.16,3,1.16,1.16,1.1,0.5
G1173ECA010,"SENSOR, MOTOR REVOLUTION",1Y,多摩川精機販売（株）,A2,A2,TP-331-5,18,TP331.5ﾌﾀﾅｼ,1,1,3.05,1.16,3,1.16,1.16,1.1,0.5
Y021782011,"CAP, SHIPPING",1Y,（株）チューゲン,A2,A2,TP-332,400,TP332ﾌﾀﾅｼ,1,1,2.19,0.75,3,0.75,0.75,1.1,0.5
3519510A010,"CLAMP, TRANSAXLE APPLY TUBE, NO.1",1Y,中庸スプリング（株）,A1,A1,AW-131,600,AW131ﾌﾀﾅｼ,1,2,2.34,1.02,3,1.02,1.02,1.1,0.5
35505ECA020,"LEVER SUB-ASSY, PARKING LOCK",1Y,中庸スプリング（株）,A1,A1,TP-331,60,TP131ﾌﾀﾅｼ,1,2,2.34,1.02,3,1.02,1.02,1.1,0.5
35505ECB010,"LEVER SUB-ASSY, PARKING LOCK",1Y,中庸スプリング（株）,A1,A1,AW-131,24,TP131ﾌﾀﾅｼ,1,2,2.34,1.02,3,1.02,1.02,1.1,0.5
9094906A012,"CLAMP, WIRING",1Y,中庸スプリング（株）,A1,A1,TP-131,500,AW131ﾌﾀﾅｼ,1,2,2.34,1.02,3,1.02,1.02,1.1,0.5
34989ECA040,LABEL,1Y,（株）槌屋,A1,A1,TP-131,500,TP131ﾌﾀﾅｼ,1,1,2.33,1.09,3,1.09,1.09,1.1,0.5
34989ECB010,LABEL,1Y,（株）槌屋,A1,A1,TP-131,500,TP131ﾌﾀﾅｼ,1,1,2.33,1.09,3,1.09,1.09,1.1,0.5
34989ECB020,LABEL,1Y,（株）槌屋,A1,A1,TP-131,500,TP131ﾌﾀﾅｼ,1,1,2.33,1.09,3,1.09,1.09,1.1,0.5
34989ECB030,LABEL,1Y,（株）槌屋,A1,A1,TP-131,1000,TP131ﾌﾀﾅｼ,1,1,2.33,1.09,3,1.09,1.09,1.1,0.5
34989ECC010,LABEL,1Y,（株）槌屋,A1,A1,TP-131,500,TP131ﾌﾀﾅｼ,1,1,2.33,1.09,3,1.09,1.09,1.1,0.5
34989ECE010,LABEL,1Y,（株）槌屋,A1,A1,TP-131,500,TP131ﾌﾀﾅｼ,1,1,2.33,1.09,3,1.09,1.09,1.1,0.5
34989ECE020,LABEL,1Y,（株）槌屋,A1,A1,TP-131,500,TP131ﾌﾀﾅｼ,1,1,2.33,1.09,3,1.09,1.09,1.1,0.5
34989ECE030,LABEL,1Y,（株）槌屋,A1,A1,TP-131,500,TP131ﾌﾀﾅｼ,1,1,2.33,1.09,3,1.09,1.09,1.1,0.5
9050827A011,"SPRING, TORSION",1Y,（株）東郷製作所,A1,A1,TP-331,200,TP331ﾌﾀﾅｼ,1,8,11.12,0.99,3,0.99,0.99,1.1,0.5
9050827A013,"SPRING, TORSION",1Y,（株）東郷製作所,A1,A1,TP-331,200,TP331ﾌﾀﾅｼ,1,8,11.12,0.99,3,0.99,0.99,1.1,0.5
9052409A003,"SPRING, RETAINER",1Y,（株）東郷製作所,A1,A1,TP-331,500,TP331ﾌﾀﾅｼ,1,8,11.12,0.99,3,0.99,0.99,1.1,0.5
9025405021,"PIN, SLOTTED SPRING",1Y,トピー実業（株）,A1,A1,TP-131,2000,TP131ﾌﾀﾅｼ,1,1,1.95,0.42,0,0.42,0.42,1.1,0.5
82125ECA020,"WIRE, TRANSMISSION",1Y,（株）ＢｌｕＥ　Ｎｅｘｕｓ,A2,A2,TP-332,6,TP342ﾌﾀｱﾘ,1,6,3.3,2.11,3,2.11,2.11,1.1,0.5
82125ECB020,"WIRE, TRANSMISSION",1Y,（株）ＢｌｕＥ　Ｎｅｘｕｓ,B2,B2,TP-342,8,TP342ﾌﾀｱﾘ,1,6,3.3,2.11,3,2.11,2.11,1.1,0.5
82125ECC020,"WIRE, TRANSMISSION",1Y,（株）ＢｌｕＥ　Ｎｅｘｕｓ,B2,B2,TP-342,8,TP342ﾌﾀｱﾘ,1,6,3.3,2.11,3,2.11,2.11,1.1,0.5
82125ECE020,"WIRE, TRANSMISSION",1Y,（株）ＢｌｕＥ　Ｎｅｘｕｓ,A2,A2,TP-332,6,TP332ﾌﾀｱﾘ,1,6,3.3,2.11,3,2.11,2.11,1.1,0.5
82125ECE030,"WIRE, TRANSMISSION",1Y,（株）ＢｌｕＥ　Ｎｅｘｕｓ,A2,A2,TP-332,6,TP332ﾌﾀｱﾘ,1,6,3.3,2.11,3,2.11,2.11,1.1,0.5
82125ECE040,"WIRE, TRANSMISSION",1Y,（株）ＢｌｕＥ　Ｎｅｘｕｓ,A2,A2,TP-332,6,TP332ﾌﾀｱﾘ,1,6,3.3,2.11,3,2.11,2.11,1.1,0.5
G9210ECA010,"INVERTER ASSY, EV MOTOR CONTROL",1Y,（株）ＢｌｕＥ　Ｎｅｘｕｓ,B1,B1,TP-341-5,1,TP-341-5,1,6,3.3,2.09,3,2.09,2.09,1.1,0.5
G9210ECB010,"INVERTER ASSY, EV MOTOR CONTROL",1Y,（株）ＢｌｕＥ　Ｎｅｘｕｓ,B1,B1,TP-341-5,1,TP341.5ﾌﾀｱﾘ,1,6,3.3,2.09,3,2.09,2.09,1.1,0.5
G9210ECC010,"INVERTER ASSY, EV MOTOR CONTROL",1Y,（株）ＢｌｕＥ　Ｎｅｘｕｓ,B1,B1,TP-341-5,1,TP341.5ﾌﾀｱﾘ,1,6,3.3,2.09,3,2.09,2.09,1.1,0.5
G9210ECE010,"INVERTER ASSY, EV MOTOR CONTROL",1Y,（株）ＢｌｕＥ　Ｎｅｘｕｓ,B1,B1,TP-341-5,1,TP341.5ﾌﾀｱﾘ,1,6,3.3,2.09,3,2.09,2.09,1.1,0.5
G9210ECE020,"INVERTER ASSY, EV MOTOR CONTROL",1Y,（株）ＢｌｕＥ　Ｎｅｘｕｓ,B1,B1,TP-341-5,1,TP341.5ﾌﾀｱﾘ,1,6,3.3,2.09,3,2.09,2.09,1.1,0.5
G9210ECE030,"INVERTER ASSY, EV MOTOR CONTROL",1Y,（株）ＢｌｕＥ　Ｎｅｘｕｓ,B1,B1,TP-341-5,1,TP341.5ﾌﾀｱﾘ,1,6,3.3,2.09,3,2.09,2.09,1.1,0.5
G9351ECB010,"PIPE, INVERTER COOLANT",1Y,（株）ＢｌｕＥ　Ｎｅｘｕｓ,A1,A1,TP-331,12,TP331ﾌﾀｱﾘ,1,6,3.3,2.11,3,2.11,2.11,1.1,0.5
G9351ECE010,"PIPE, INVERTER COOLANT",1Y,（株）ＢｌｕＥ　Ｎｅｘｕｓ,A1,A1,TP-331,12,TP331ﾌﾀｱﾘ,1,6,3.3,2.11,3,2.11,2.11,1.1,0.5
9033114006,"PLUG, TIGHT",1Y,ナミコー（株）,A1,A1,TP-331,2000,TP331ﾌﾀﾅｼ,1,1,3.25,1.15,3,1.1,1.1,1.1,0.5
2030044001J,"SEAL, TYPE T OIL",1Y,ＮＯＫ（株）,A1,A1,TP-131,400,TP131ﾌﾀﾅｼ,1,2,3.52,1.01,3,1.01,1.01,1.1,0.5
9030106A018,"RING, O",1Y,ＮＯＫ（株）,A1,A1,TP-131,2000,TP131ﾌﾀﾅｼ,1,2,3.52,1.01,3,1.01,1.01,1.1,0.5
9030111A014,"RING, O",1Y,ＮＯＫ（株）,A1,A1,TP-131,1000,TP131ﾌﾀﾅｼ,1,2,3.52,1.01,3,1.01,1.01,1.1,0.5
9030115A011,"RING, O",1Y,ＮＯＫ（株）,A1,A1,TP-131,1000,TP131ﾌﾀﾅｼ,1,2,3.52,1.01,3,1.01,1.01,1.1,0.5
9030117A005,"RING, O",1Y,ＮＯＫ（株）,A1,A1,TP-131,1000,TP131ﾌﾀﾅｼ,1,2,3.52,1.01,3,1.01,1.01,1.1,0.5
9030117A010,"RING, O",1Y,ＮＯＫ（株）,A1,A1,TP-131,1000,TP131ﾌﾀﾅｼ,1,2,3.52,1.01,3,1.01,1.01,1.1,0.5
9030119A010,"RING, O",1Y,ＮＯＫ（株）,A1,A1,TP-131,1000,TP131ﾌﾀﾅｼ,1,2,3.52,1.01,3,1.01,1.01,1.1,0.5
9030119A011,"RING, O",1Y,ＮＯＫ（株）,A1,A1,TP-131,200,TP131ﾌﾀﾅｼ,1,2,3.52,1.01,3,1.01,1.01,1.1,0.5
9030131A001,"RING, O",1Y,ＮＯＫ（株）,A1,A1,TP-131,900,TP131ﾌﾀﾅｼ,1,2,3.52,1.01,3,1.01,1.01,1.1,0.5
9031140A056,"SEAL, TYPE T OIL",1Y,ＮＯＫ（株）,B2,B2,B-24,120,ｻﾝﾎﾞｯｸｽ#24Bﾌﾀﾅｼ,1,2,3.52,1.01,3,1.01,1.01,1.1,0.5
9031150A014,"SEAL, TYPE T OIL",1Y,ＮＯＫ（株）,B2,B2,B-24,84,ｻﾝﾎﾞｯｸｽ#24Bﾌﾀﾅｼ,1,2,3.52,1.01,3,1.01,1.01,1.1,0.5
9031150A015,"SEAL, TYPE T OIL",1Y,ＮＯＫ（株）,B2,B2,B-24,84,ｻﾝﾎﾞｯｸｽ#24Bﾌﾀﾅｼ,1,2,3.52,1.01,3,1.01,1.01,1.1,0.5
G1250ECB010,"PIPE ASSY, MOTOR COOLING, NO.1",1Y,（株）バルカー,A2,A2,TP-332.5,60,TP332ﾌﾀﾅｼ,1,2,6.2,1.35,3,1.35,1.35,1.1,0.5
G1250ECC010,"PIPE ASSY, MOTOR COOLING, NO.1",1Y,（株）バルカー,A2,A2,TP-332.5,60,TP332ﾌﾀﾅｼ,1,2,6.2,1.35,3,1.35,1.35,1.1,0.5
G1250ECE010,"PIPE ASSY, MOTOR COOLING, NO.1",1Y,（株）バルカー,A2,A2,TP-332.5,60,TP332ﾌﾀﾅｼ,1,2,6.2,1.35,3,1.35,1.35,1.1,0.5
1040132124M,"BEARING, NEEDLE ROLLER",1Y,日本精工（株）,B1,B1,T-10,1800,ｻﾝﾎﾞｯｸｽ#K-10Bﾌﾀﾅｼ,1,8,9,0.97,3,0.97,0.97,1.1,0.5
9036324A003,"BEARING, RADIAL BALL",1Y,日本精工（株）,B1,B1,T-10,22,ﾃﾝﾊﾞｺ10ﾌﾀﾅｼ,1,8,9,0.95,3,0.95,0.95,1.1,0.5
9036324A004,"BEARING, RADIAL BALL",1Y,日本精工（株）,B1,B1,T-10,30,ﾃﾝﾊﾞｺ10ﾌﾀﾅｼ,1,8,9,0.95,3,0.95,0.95,1.1,0.5
9036324A005,"BEARING, RADIAL BALL",1Y,日本精工（株）,B1,B1,T-10,22,ｻﾝﾎﾞｯｸｽ#K-10Bﾌﾀﾅｼ,1,8,9,0.95,3,0.95,0.95,1.1,0.5
9036335A018,"BEARING, RADIAL BALL",1Y,日本精工（株）,B1,B1,T-10,90,ﾃﾝﾊﾞｺ10ﾌﾀﾅｼ,1,8,9,0.95,3,0.95,0.95,1.1,0.5
9036340085,"BEARING, RADIAL BALL",1Y,日本精工（株）,B1,B1,T-10,80,ｻﾝﾎﾞｯｸｽ#K-10Bﾌﾀﾅｼ,1,8,9,0.97,3,0.97,0.97,1.1,0.5
9036340A010,"BEARING, RADIAL BALL",1Y,日本精工（株）,B1,B1,T-10,80,ｻﾝﾎﾞｯｸｽ#K-10Bﾌﾀﾅｼ,1,8,9,0.97,3,0.97,0.97,1.1,0.5
35561ECA020,"SHAFT, PARKING LOCK, NO.1",1Y,（株）浜名製作所,A1,A1,TP-131,100,TP131ﾌﾀﾅｼ,1,2,4.66,1.64,0,1.64,1.64,1.1,0.5
35165ECE010,"PLATE, TRANSMISSION CASE",1Y,（株）松尾製作所,A1,A1,TP-131,200,TP131ﾌﾀﾅｼ,1,1,1.21,0.98,3,0.98,0.98,1.1,0.5
3539450A010,"MAGNET, OIL CLEANER",1Y,ミズショー（株）,A1,A1,TP-331,2000,ｻﾝﾎﾞｯｸｽC-3ﾌﾀﾅｼ,1,1,2,1.05,3,1.05,1.05,1.1,0.5
9025006027,"PIN, STRAIGHT",1Y,（株）水野鉄工所,A1,A1,TP-131,2000,TP131ﾌﾀﾅｼ,1,1,1.81,1.04,3,1.04,1.04,1.1,0.5
41310ECA020,"GEAR ASSY, DIFFERENTIAL",1Y,武蔵精密工業（株）,B3,B3,ｻﾝﾎﾞｯｸｽ#24-A,2,,1,1,1,1,1,1,1,1,0.5
9020150A002,"WASHER, PLATE",1Y,（株）ムロコーポレーション,A1,A1,TP-131,100,TP131ﾌﾀﾅｼ,1,1,0.73,0.93,3,0.93,0.93,1.1,0.5
9020156A001,"WASHER, PLATE",1Y,（株）ムロコーポレーション,A1,A1,TP-131,100,TP131ﾌﾀﾅｼ,1,1,0.73,0.93,3,0.93,0.93,1.1,0.5
9020156A002,"WASHER, PLATE",1Y,（株）ムロコーポレーション,A1,A1,TP-131,100,TP131ﾌﾀﾅｼ,1,1,0.73,0.93,3,0.93,0.93,1.1,0.5
9056439A001,SHIM,1Y,（株）ムロコーポレーション,A1,A1,TP-131,100,TP131ﾌﾀﾅｼ,1,1,0.73,0.93,3,0.93,0.93,1.1,0.5
9056439A002,SHIM,1Y,（株）ムロコーポレーション,A1,A1,TP-131,100,TP131ﾌﾀﾅｼ,1,1,0.73,0.93,3,0.93,0.93,1.1,0.5
9056439A003,SHIM,1Y,（株）ムロコーポレーション,A1,A1,TP-131,100,TP131ﾌﾀﾅｼ,1,1,0.73,0.93,3,0.93,0.93,1.1,0.5
9056439A004,SHIM,1Y,（株）ムロコーポレーション,A1,A1,TP-131,100,TP131ﾌﾀﾅｼ,1,1,0.73,0.93,3,0.93,0.93,1.1,0.5
9056439A005,SHIM,1Y,（株）ムロコーポレーション,A1,A1,TP-131,100,TP131ﾌﾀﾅｼ,1,1,0.73,0.93,3,0.93,0.93,1.1,0.5
9056439A006,SHIM,1Y,（株）ムロコーポレーション,A1,A1,TP-131,100,TP131ﾌﾀﾅｼ,1,1,0.73,0.93,3,0.93,0.93,1.1,0.5
9056439A007,SHIM,1Y,（株）ムロコーポレーション,A1,A1,TP-131,100,TP131ﾌﾀﾅｼ,1,1,0.73,0.93,3,0.93,0.93,1.1,0.5
9056439A008,SHIM,1Y,（株）ムロコーポレーション,A1,A1,TP-131,100,TP131ﾌﾀﾅｼ,1,1,0.73,0.93,3,0.93,0.93,1.1,0.5
9056439A009,SHIM,1Y,（株）ムロコーポレーション,A1,A1,TP-131,100,TP131ﾌﾀﾅｼ,1,1,0.73,0.93,3,0.93,0.93,1.1,0.5
9056446A001,SHIM,1Y,（株）ムロコーポレーション,A1,A1,TP-131,100,TP131ﾌﾀﾅｼ,1,1,0.73,0.93,3,0.93,0.93,1.1,0.5
9056446A002,SHIM,1Y,（株）ムロコーポレーション,A1,A1,TP-131,100,TP131ﾌﾀﾅｼ,1,1,0.73,0.93,3,0.93,0.93,1.1,0.5
9056446A003,SHIM,1Y,（株）ムロコーポレーション,A1,A1,TP-131,100,TP131ﾌﾀﾅｼ,1,1,0.73,0.93,3,0.93,0.93,1.1,0.5
9056446A004,SHIM,1Y,（株）ムロコーポレーション,A1,A1,TP-131,100,TP131ﾌﾀﾅｼ,1,1,0.73,0.93,3,0.93,0.93,1.1,0.5
9056446A005,SHIM,1Y,（株）ムロコーポレーション,A1,A1,TP-131,100,TP131ﾌﾀﾅｼ,1,1,0.73,0.93,3,0.93,0.93,1.1,0.5
9056446A006,SHIM,1Y,（株）ムロコーポレーション,A1,A1,TP-131,100,TP131ﾌﾀﾅｼ,1,1,0.73,0.93,3,0.93,0.93,1.1,0.5
9056446A007,SHIM,1Y,（株）ムロコーポレーション,A1,A1,TP-131,100,TP131ﾌﾀﾅｼ,1,1,0.73,0.93,3,0.93,0.93,1.1,0.5
9056446A008,SHIM,1Y,（株）ムロコーポレーション,A1,A1,TP-131,100,TP131ﾌﾀﾅｼ,1,1,0.73,0.93,3,0.93,0.93,1.1,0.5
9056446A009,SHIM,1Y,（株）ムロコーポレーション,A1,A1,TP-131,100,TP131ﾌﾀﾅｼ,1,1,0.73,0.93,3,0.93,0.93,1.1,0.5
9056446A010,SHIM,1Y,（株）ムロコーポレーション,A1,A1,TP-131,100,TP131ﾌﾀﾅｼ,1,1,0.73,0.93,3,0.93,0.93,1.1,0.5
9056446A011,SHIM,1Y,（株）ムロコーポレーション,A1,A1,TP-131,100,TP131ﾌﾀﾅｼ,1,1,0.73,0.93,3,0.93,0.93,1.1,0.5
9056446A012,SHIM,1Y,（株）ムロコーポレーション,A1,A1,TP-131,100,TP131ﾌﾀﾅｼ,1,1,0.73,0.93,3,0.93,0.93,1.1,0.5
9056446A013,SHIM,1Y,（株）ムロコーポレーション,A1,A1,TP-131,100,TP131ﾌﾀﾅｼ,1,1,0.73,0.93,3,0.93,0.93,1.1,0.5
9056446A014,SHIM,1Y,（株）ムロコーポレーション,A1,A1,TP-131,100,TP131ﾌﾀﾅｼ,1,1,0.73,0.93,3,0.93,0.93,1.1,0.5
9056446A015,SHIM,1Y,（株）ムロコーポレーション,A1,A1,TP-131,100,TP131ﾌﾀﾅｼ,1,1,0.73,0.93,3,0.93,0.93,1.1,0.5
9056446A016,SHIM,1Y,（株）ムロコーポレーション,A1,A1,TP-131,100,TP131ﾌﾀﾅｼ,1,1,0.73,0.93,3,0.93,0.93,1.1,0.5
9056446A017,SHIM,1Y,（株）ムロコーポレーション,A1,A1,TP-131,100,TP131ﾌﾀﾅｼ,1,1,0.73,0.93,3,0.93,0.93,1.1,0.5
9056446A018,SHIM,1Y,（株）ムロコーポレーション,A1,A1,TP-131,100,TP131ﾌﾀﾅｼ,1,1,0.73,0.93,3,0.93,0.93,1.1,0.5
9056446A019,SHIM,1Y,（株）ムロコーポレーション,A1,A1,TP-131,100,TP131ﾌﾀﾅｼ,1,1,0.73,0.93,3,0.93,0.93,1.1,0.5
9056446A020,SHIM,1Y,（株）ムロコーポレーション,A1,A1,TP-131,100,TP131ﾌﾀﾅｼ,1,1,0.73,0.93,3,0.93,0.93,1.1,0.5
9056446A021,SHIM,1Y,（株）ムロコーポレーション,A1,A1,TP-131,100,TP131ﾌﾀﾅｼ,1,1,0.73,0.93,3,0.93,0.93,1.1,0.5
9056446A022,SHIM,1Y,（株）ムロコーポレーション,A1,A1,TP-131,100,TP131ﾌﾀﾅｼ,1,1,0.73,0.93,3,0.93,0.93,1.1,0.5
9056446A023,SHIM,1Y,（株）ムロコーポレーション,A1,A1,TP-131,100,TP131ﾌﾀﾅｼ,1,1,0.73,0.93,3,0.93,0.93,1.1,0.5
9056446A024,SHIM,1Y,（株）ムロコーポレーション,A1,A1,TP-131,100,TP131ﾌﾀﾅｼ,1,1,0.73,0.93,3,0.93,0.93,1.1,0.5
9056446A025,SHIM,1Y,（株）ムロコーポレーション,A1,A1,TP-131,100,TP131ﾌﾀﾅｼ,1,1,0.73,0.93,3,0.93,0.93,1.1,0.5
9056447A040,SHIM,1Y,（株）ムロコーポレーション,A1,A1,TP-131,100,TP131ﾌﾀﾅｼ,1,1,0.73,0.93,3,0.93,0.93,1.1,0.5
9056447A041,SHIM,1Y,（株）ムロコーポレーション,A1,A1,TP-131,100,TP131ﾌﾀﾅｼ,1,1,0.73,0.93,3,0.93,0.93,1.1,0.5
9056447A042,SHIM,1Y,（株）ムロコーポレーション,A1,A1,TP-131,100,TP131ﾌﾀﾅｼ,1,1,0.73,0.93,3,0.93,0.93,1.1,0.5
9056447A043,SHIM,1Y,（株）ムロコーポレーション,A1,A1,TP-131,100,TP131ﾌﾀﾅｼ,1,1,0.73,0.93,3,0.93,0.93,1.1,0.5
9056447A044,SHIM,1Y,（株）ムロコーポレーション,A1,A1,TP-131,100,TP131ﾌﾀﾅｼ,1,1,0.73,0.93,3,0.93,0.93,1.1,0.5
9056447A045,SHIM,1Y,（株）ムロコーポレーション,A1,A1,TP-131,100,TP131ﾌﾀﾅｼ,1,1,0.73,0.93,3,0.93,0.93,1.1,0.5
9056447A046,SHIM,1Y,（株）ムロコーポレーション,A1,A1,TP-131,100,TP131ﾌﾀﾅｼ,1,1,0.73,0.93,3,0.93,0.93,1.1,0.5
9056447A047,SHIM,1Y,（株）ムロコーポレーション,A1,A1,TP-131,100,TP131ﾌﾀﾅｼ,1,1,0.73,0.93,3,0.93,0.93,1.1,0.5
9056447A048,SHIM,1Y,（株）ムロコーポレーション,A1,A1,TP-131,100,TP131ﾌﾀﾅｼ,1,1,0.73,0.93,3,0.93,0.93,1.1,0.5
9056447A049,SHIM,1Y,（株）ムロコーポレーション,A1,A1,TP-131,100,TP131ﾌﾀﾅｼ,1,1,0.73,0.93,3,0.93,0.93,1.1,0.5
9056447A050,SHIM,1Y,（株）ムロコーポレーション,A1,A1,TP-131,100,TP131ﾌﾀﾅｼ,1,1,0.73,0.93,3,0.93,0.93,1.1,0.5
9056447A051,SHIM,1Y,（株）ムロコーポレーション,A1,A1,TP-131,100,TP131ﾌﾀﾅｼ,1,1,0.73,0.93,3,0.93,0.93,1.1,0.5
9056447A052,SHIM,1Y,（株）ムロコーポレーション,A1,A1,TP-131,100,TP131ﾌﾀﾅｼ,1,1,0.73,0.93,3,0.93,0.93,1.1,0.5
9056447A053,SHIM,1Y,（株）ムロコーポレーション,A1,A1,TP-131,100,TP131ﾌﾀﾅｼ,1,1,0.73,0.93,3,0.93,0.93,1.1,0.5
9056447A054,SHIM,1Y,（株）ムロコーポレーション,A1,A1,TP-131,100,TP131ﾌﾀﾅｼ,1,1,0.73,0.93,3,0.93,0.93,1.1,0.5
9056447A055,SHIM,1Y,（株）ムロコーポレーション,A1,A1,TP-131,100,TP131ﾌﾀﾅｼ,1,1,0.73,0.93,3,0.93,0.93,1.1,0.5
9056447A056,SHIM,1Y,（株）ムロコーポレーション,A1,A1,TP-131,100,TP131ﾌﾀﾅｼ,1,1,0.73,0.93,3,0.93,0.93,1.1,0.5
9056447A057,SHIM,1Y,（株）ムロコーポレーション,A1,A1,TP-131,100,TP131ﾌﾀﾅｼ,1,1,0.73,0.93,3,0.93,0.93,1.1,0.5
9056447A058,SHIM,1Y,（株）ムロコーポレーション,A1,A1,TP-131,100,TP131ﾌﾀﾅｼ,1,1,0.73,0.93,3,0.93,0.93,1.1,0.5
9056447A059,SHIM,1Y,（株）ムロコーポレーション,A1,A1,TP-131,100,TP131ﾌﾀﾅｼ,1,1,0.73,0.93,3,0.93,0.93,1.1,0.5
9056447A060,SHIM,1Y,（株）ムロコーポレーション,A1,A1,TP-131,100,TP131ﾌﾀﾅｼ,1,1,0.73,0.93,3,0.93,0.93,1.1,0.5
9056447A061,SHIM,1Y,（株）ムロコーポレーション,A1,A1,TP-131,100,TP131ﾌﾀﾅｼ,1,1,0.73,0.93,3,0.93,0.93,1.1,0.5
9056447A062,SHIM,1Y,（株）ムロコーポレーション,A1,A1,TP-131,100,TP131ﾌﾀﾅｼ,1,1,0.73,0.93,3,0.93,0.93,1.1,0.5
9056447A063,SHIM,1Y,（株）ムロコーポレーション,A1,A1,TP-131,100,TP131ﾌﾀﾅｼ,1,1,0.73,0.93,3,0.93,0.93,1.1,0.5
9056447A064,SHIM,1Y,（株）ムロコーポレーション,A1,A1,TP-131,100,TP131ﾌﾀﾅｼ,1,1,0.73,0.93,3,0.93,0.93,1.1,0.5
9056450A001,SHIM,1Y,（株）ムロコーポレーション,A1,A1,TP-131,100,TP131ﾌﾀﾅｼ,1,1,0.73,0.93,3,0.93,0.93,1.1,0.5
9056450A002,SHIM,1Y,（株）ムロコーポレーション,A1,A1,TP-131,100,TP131ﾌﾀﾅｼ,1,1,0.73,0.93,3,0.93,0.93,1.1,0.5
9056450A003,SHIM,1Y,（株）ムロコーポレーション,A1,A1,TP-131,100,TP131ﾌﾀﾅｼ,1,1,0.73,0.93,3,0.93,0.93,1.1,0.5
9056450A004,SHIM,1Y,（株）ムロコーポレーション,A1,A1,TP-131,100,TP131ﾌﾀﾅｼ,1,1,0.73,0.93,3,0.93,0.93,1.1,0.5
9056450A005,SHIM,1Y,（株）ムロコーポレーション,A1,A1,TP-131,100,TP131ﾌﾀﾅｼ,1,1,0.73,0.93,3,0.93,0.93,1.1,0.5
9056450A006,SHIM,1Y,（株）ムロコーポレーション,A1,A1,TP-131,100,TP131ﾌﾀﾅｼ,1,1,0.73,0.93,3,0.93,0.93,1.1,0.5
9056450A007,SHIM,1Y,（株）ムロコーポレーション,A1,A1,TP-131,100,TP131ﾌﾀﾅｼ,1,1,0.73,0.93,3,0.93,0.93,1.1,0.5
9056450A008,SHIM,1Y,（株）ムロコーポレーション,A1,A1,TP-131,100,TP131ﾌﾀﾅｼ,1,1,0.73,0.93,3,0.93,0.93,1.1,0.5
9056450A009,SHIM,1Y,（株）ムロコーポレーション,A1,A1,TP-131,100,TP131ﾌﾀﾅｼ,1,1,0.73,0.93,3,0.93,0.93,1.1,0.5
9056451A066,SHIM,1Y,（株）ムロコーポレーション,A1,A1,TP-131,100,TP131ﾌﾀﾅｼ,1,1,0.73,0.93,3,0.93,0.93,1.1,0.5
9056451A067,SHIM,1Y,（株）ムロコーポレーション,A1,A1,TP-131,100,TP131ﾌﾀﾅｼ,1,1,0.73,0.93,3,0.93,0.93,1.1,0.5
9056451A068,SHIM,1Y,（株）ムロコーポレーション,A1,A1,TP-131,100,TP131ﾌﾀﾅｼ,1,1,0.73,0.93,3,0.93,0.93,1.1,0.5
9056451A069,SHIM,1Y,（株）ムロコーポレーション,A1,A1,TP-131,100,TP131ﾌﾀﾅｼ,1,1,0.73,0.93,3,0.93,0.93,1.1,0.5
9056451A070,SHIM,1Y,（株）ムロコーポレーション,A1,A1,TP-131,100,TP131ﾌﾀﾅｼ,1,1,0.73,0.93,3,0.93,0.93,1.1,0.5
9056451A071,SHIM,1Y,（株）ムロコーポレーション,A1,A1,TP-131,100,TP131ﾌﾀﾅｼ,1,1,0.73,0.93,3,0.93,0.93,1.1,0.5
9056451A072,SHIM,1Y,（株）ムロコーポレーション,A1,A1,TP-131,100,TP131ﾌﾀﾅｼ,1,1,0.73,0.93,3,0.93,0.93,1.1,0.5
9056451A073,SHIM,1Y,（株）ムロコーポレーション,A1,A1,TP-131,100,TP131ﾌﾀﾅｼ,1,1,0.73,0.93,3,0.93,0.93,1.1,0.5
9056451A074,SHIM,1Y,（株）ムロコーポレーション,A1,A1,TP-131,100,TP131ﾌﾀﾅｼ,1,1,0.73,0.93,3,0.93,0.93,1.1,0.5
9056451A075,SHIM,1Y,（株）ムロコーポレーション,A1,A1,TP-131,100,TP131ﾌﾀﾅｼ,1,1,0.73,0.93,3,0.93,0.93,1.1,0.5
9056451A076,SHIM,1Y,（株）ムロコーポレーション,A1,A1,TP-131,100,TP131ﾌﾀﾅｼ,1,1,0.73,0.93,3,0.93,0.93,1.1,0.5
9056451A077,SHIM,1Y,（株）ムロコーポレーション,A1,A1,TP-131,100,TP131ﾌﾀﾅｼ,1,1,0.73,0.93,3,0.93,0.93,1.1,0.5
9056451A078,SHIM,1Y,（株）ムロコーポレーション,A1,A1,TP-131,100,TP131ﾌﾀﾅｼ,1,1,0.73,0.93,3,0.93,0.93,1.1,0.5
9056451A079,SHIM,1Y,（株）ムロコーポレーション,A1,A1,TP-131,100,TP131ﾌﾀﾅｼ,1,1,0.73,0.93,3,0.93,0.93,1.1,0.5
9056451A080,SHIM,1Y,（株）ムロコーポレーション,A1,A1,TP-131,100,TP131ﾌﾀﾅｼ,1,1,0.73,0.93,3,0.93,0.93,1.1,0.5
9056451A081,SHIM,1Y,（株）ムロコーポレーション,A1,A1,TP-131,100,TP131ﾌﾀﾅｼ,1,1,0.73,0.93,3,0.93,0.93,1.1,0.5
9056451A082,SHIM,1Y,（株）ムロコーポレーション,A1,A1,TP-131,100,TP131ﾌﾀﾅｼ,1,1,0.73,0.93,3,0.93,0.93,1.1,0.5
9056451A083,SHIM,1Y,（株）ムロコーポレーション,A1,A1,TP-131,100,TP131ﾌﾀﾅｼ,1,1,0.73,0.93,3,0.93,0.93,1.1,0.5
9056451A084,SHIM,1Y,（株）ムロコーポレーション,A1,A1,TP-131,100,TP131ﾌﾀﾅｼ,1,1,0.73,0.93,3,0.93,0.93,1.1,0.5
9056451A085,SHIM,1Y,（株）ムロコーポレーション,A1,A1,TP-131,100,TP131ﾌﾀﾅｼ,1,1,0.73,0.93,3,0.93,0.93,1.1,0.5
9056451A086,SHIM,1Y,（株）ムロコーポレーション,A1,A1,TP-131,100,TP131ﾌﾀﾅｼ,1,1,0.73,0.93,3,0.93,0.93,1.1,0.5
9056451A087,SHIM,1Y,（株）ムロコーポレーション,A1,A1,TP-131,100,TP131ﾌﾀﾅｼ,1,1,0.73,0.93,3,0.93,0.93,1.1,0.5
9056451A088,SHIM,1Y,（株）ムロコーポレーション,A1,A1,TP-131,100,TP131ﾌﾀﾅｼ,1,1,0.73,0.93,3,0.93,0.93,1.1,0.5
9056451A089,SHIM,1Y,（株）ムロコーポレーション,A1,A1,TP-131,100,TP131ﾌﾀﾅｼ,1,1,0.73,0.93,3,0.93,0.93,1.1,0.5
9056451A090,SHIM,1Y,（株）ムロコーポレーション,A1,A1,TP-131,100,TP131ﾌﾀﾅｼ,1,1,0.73,0.93,3,0.93,0.93,1.1,0.5
9056451A091,SHIM,1Y,（株）ムロコーポレーション,A1,A1,TP-131,100,TP131ﾌﾀﾅｼ,1,1,0.73,0.93,3,0.93,0.93,1.1,0.5
9056451A092,SHIM,1Y,（株）ムロコーポレーション,A1,A1,TP-131,100,TP131ﾌﾀﾅｼ,1,1,0.73,0.93,3,0.93,0.93,1.1,0.5
9056451A093,SHIM,1Y,（株）ムロコーポレーション,A1,A1,TP-131,100,TP131ﾌﾀﾅｼ,1,1,0.73,0.93,3,0.93,0.93,1.1,0.5
9056451A094,SHIM,1Y,（株）ムロコーポレーション,A1,A1,TP-131,100,TP131ﾌﾀﾅｼ,1,1,0.73,0.93,3,0.93,0.93,1.1,0.5
9056451A095,SHIM,1Y,（株）ムロコーポレーション,A1,A1,TP-131,100,TP131ﾌﾀﾅｼ,1,1,0.73,0.93,3,0.93,0.93,1.1,0.5
9056451A096,SHIM,1Y,（株）ムロコーポレーション,A1,A1,TP-131,100,TP131ﾌﾀﾅｼ,1,1,0.73,0.93,3,0.93,0.93,1.1,0.5
9056451A097,SHIM,1Y,（株）ムロコーポレーション,A1,A1,TP-131,100,TP131ﾌﾀﾅｼ,1,1,0.73,0.93,3,0.93,0.93,1.1,0.5
9056451A098,SHIM,1Y,（株）ムロコーポレーション,A1,A1,TP-131,100,TP131ﾌﾀﾅｼ,1,1,0.73,0.93,3,0.93,0.93,1.1,0.5
9056451A099,SHIM,1Y,（株）ムロコーポレーション,A1,A1,TP-131,100,TP131ﾌﾀﾅｼ,1,1,0.73,0.93,3,0.93,0.93,1.1,0.5
9056451A100,SHIM,1Y,（株）ムロコーポレーション,A1,A1,TP-131,100,TP131ﾌﾀﾅｼ,1,1,0.73,0.93,3,0.93,0.93,1.1,0.5
9056451A101,SHIM,1Y,（株）ムロコーポレーション,A1,A1,TP-131,100,TP131ﾌﾀﾅｼ,1,1,0.73,0.93,3,0.93,0.93,1.1,0.5
9056451A102,SHIM,1Y,（株）ムロコーポレーション,A1,A1,TP-131,100,TP131ﾌﾀﾅｼ,1,1,0.73,0.93,3,0.93,0.93,1.1,0.5
9056451A103,SHIM,1Y,（株）ムロコーポレーション,A1,A1,TP-131,100,TP131ﾌﾀﾅｼ,1,1,0.73,0.93,3,0.93,0.93,1.1,0.5
9056451A104,SHIM,1Y,（株）ムロコーポレーション,A1,A1,TP-131,100,TP131ﾌﾀﾅｼ,1,1,0.73,0.93,3,0.93,0.93,1.1,0.5
9056451A105,SHIM,1Y,（株）ムロコーポレーション,A1,A1,TP-131,100,TP131ﾌﾀﾅｼ,1,1,0.73,0.93,3,0.93,0.93,1.1,0.5
9056451A106,SHIM,1Y,（株）ムロコーポレーション,A1,A1,TP-131,100,TP131ﾌﾀﾅｼ,1,1,0.73,0.93,3,0.93,0.93,1.1,0.5
9056451A107,SHIM,1Y,（株）ムロコーポレーション,A1,A1,TP-131,100,TP131ﾌﾀﾅｼ,1,1,0.73,0.93,3,0.93,0.93,1.1,0.5
9056451A108,SHIM,1Y,（株）ムロコーポレーション,A1,A1,TP-131,100,TP131ﾌﾀﾅｼ,1,1,0.73,0.93,3,0.93,0.93,1.1,0.5
9056451A109,SHIM,1Y,（株）ムロコーポレーション,A1,A1,TP-131,100,TP131ﾌﾀﾅｼ,1,1,0.73,0.93,3,0.93,0.93,1.1,0.5
9056451A110,SHIM,1Y,（株）ムロコーポレーション,A1,A1,TP-131,100,TP131ﾌﾀﾅｼ,1,1,0.73,0.93,3,0.93,0.93,1.1,0.5
9056451A111,SHIM,1Y,（株）ムロコーポレーション,A1,A1,TP-131,100,TP131ﾌﾀﾅｼ,1,1,0.73,0.93,3,0.93,0.93,1.1,0.5
9056451A112,SHIM,1Y,（株）ムロコーポレーション,A1,A1,TP-131,100,TP131ﾌﾀﾅｼ,1,1,0.73,0.93,3,0.93,0.93,1.1,0.5
9056455A018,SHIM,1Y,（株）ムロコーポレーション,A1,A1,TP-131,100,TP131ﾌﾀﾅｼ,1,1,0.73,0.93,3,0.93,0.93,1.1,0.5
9056455A019,SHIM,1Y,（株）ムロコーポレーション,A1,A1,TP-131,100,TP131ﾌﾀﾅｼ,1,1,0.73,0.93,3,0.93,0.93,1.1,0.5
9056455A020,SHIM,1Y,（株）ムロコーポレーション,A1,A1,TP-131,100,TP131ﾌﾀﾅｼ,1,1,0.73,0.93,3,0.93,0.93,1.1,0.5
9056455A021,SHIM,1Y,（株）ムロコーポレーション,A1,A1,TP-131,100,TP131ﾌﾀﾅｼ,1,1,0.73,0.93,3,0.93,0.93,1.1,0.5
9056455A022,SHIM,1Y,（株）ムロコーポレーション,A1,A1,TP-131,100,TP131ﾌﾀﾅｼ,1,1,0.73,0.93,3,0.93,0.93,1.1,0.5
9056455A023,SHIM,1Y,（株）ムロコーポレーション,A1,A1,TP-131,100,TP131ﾌﾀﾅｼ,1,1,0.73,0.93,3,0.93,0.93,1.1,0.5
9056455A024,SHIM,1Y,（株）ムロコーポレーション,A1,A1,TP-131,100,TP131ﾌﾀﾅｼ,1,1,0.73,0.93,3,0.93,0.93,1.1,0.5
9056455A025,SHIM,1Y,（株）ムロコーポレーション,A1,A1,TP-131,100,TP131ﾌﾀﾅｼ,1,1,0.73,0.93,3,0.93,0.93,1.1,0.5
9056455A026,SHIM,1Y,（株）ムロコーポレーション,A1,A1,TP-131,100,TP131ﾌﾀﾅｼ,1,1,0.73,0.93,3,0.93,0.93,1.1,0.5
9056455A027,SHIM,1Y,（株）ムロコーポレーション,A1,A1,TP-131,100,TP131ﾌﾀﾅｼ,1,1,0.73,0.93,3,0.93,0.93,1.1,0.5
9056455A028,SHIM,1Y,（株）ムロコーポレーション,A1,A1,TP-131,100,TP131ﾌﾀﾅｼ,1,1,0.73,0.93,3,0.93,0.93,1.1,0.5
9056455A029,SHIM,1Y,（株）ムロコーポレーション,A1,A1,TP-131,100,TP131ﾌﾀﾅｼ,1,1,0.73,0.93,3,0.93,0.93,1.1,0.5
9056455A030,SHIM,1Y,（株）ムロコーポレーション,A1,A1,TP-131,100,TP131ﾌﾀﾅｼ,1,1,0.73,0.93,3,0.93,0.93,1.1,0.5
9056455A031,SHIM,1Y,（株）ムロコーポレーション,A1,A1,TP-131,100,TP131ﾌﾀﾅｼ,1,1,0.73,0.93,3,0.93,0.93,1.1,0.5
9056455A032,SHIM,1Y,（株）ムロコーポレーション,A1,A1,TP-131,100,TP131ﾌﾀﾅｼ,1,1,0.73,0.93,3,0.93,0.93,1.1,0.5
9056455A033,SHIM,1Y,（株）ムロコーポレーション,A1,A1,TP-131,100,TP131ﾌﾀﾅｼ,1,1,0.73,0.93,3,0.93,0.93,1.1,0.5
9056455A034,SHIM,1Y,（株）ムロコーポレーション,A1,A1,TP-131,100,TP131ﾌﾀﾅｼ,1,1,0.73,0.93,3,0.93,0.93,1.1,0.5
9056455A035,SHIM,1Y,（株）ムロコーポレーション,A1,A1,TP-131,100,TP131ﾌﾀﾅｼ,1,1,0.73,0.93,3,0.93,0.93,1.1,0.5
9056455A036,SHIM,1Y,（株）ムロコーポレーション,A1,A1,TP-131,100,TP131ﾌﾀﾅｼ,1,1,0.73,0.93,3,0.93,0.93,1.1,0.5
9056455A037,SHIM,1Y,（株）ムロコーポレーション,A1,A1,TP-131,100,TP131ﾌﾀﾅｼ,1,1,0.73,0.93,3,0.93,0.93,1.1,0.5
9056455A038,SHIM,1Y,（株）ムロコーポレーション,A1,A1,TP-131,100,TP131ﾌﾀﾅｼ,1,1,0.73,0.93,3,0.93,0.93,1.1,0.5
9056455A039,SHIM,1Y,（株）ムロコーポレーション,A1,A1,TP-131,100,TP131ﾌﾀﾅｼ,1,1,0.73,0.93,3,0.93,0.93,1.1,0.5
9056455A040,SHIM,1Y,（株）ムロコーポレーション,A1,A1,TP-131,100,TP131ﾌﾀﾅｼ,1,1,0.73,0.93,3,0.93,0.93,1.1,0.5
9056455A041,SHIM,1Y,（株）ムロコーポレーション,A1,A1,TP-131,100,TP131ﾌﾀﾅｼ,1,1,0.73,0.93,3,0.93,0.93,1.1,0.5
9056455A042,SHIM,1Y,（株）ムロコーポレーション,A1,A1,TP-131,100,TP131ﾌﾀﾅｼ,1,1,0.73,0.93,3,0.93,0.93,1.1,0.5
9056455A043,SHIM,1Y,（株）ムロコーポレーション,A1,A1,TP-131,100,TP131ﾌﾀﾅｼ,1,1,0.73,0.93,3,0.93,0.93,1.1,0.5
9056455A044,SHIM,1Y,（株）ムロコーポレーション,A1,A1,TP-131,100,TP131ﾌﾀﾅｼ,1,1,0.73,0.93,3,0.93,0.93,1.1,0.5
9056455A045,SHIM,1Y,（株）ムロコーポレーション,A1,A1,TP-131,100,TP131ﾌﾀﾅｼ,1,1,0.73,0.93,3,0.93,0.93,1.1,0.5
9056455A046,SHIM,1Y,（株）ムロコーポレーション,A1,A1,TP-131,100,TP131ﾌﾀﾅｼ,1,1,0.73,0.93,3,0.93,0.93,1.1,0.5
9056455A047,SHIM,1Y,（株）ムロコーポレーション,A1,A1,TP-131,100,TP131ﾌﾀﾅｼ,1,1,0.73,0.93,3,0.93,0.93,1.1,0.5
9056455A048,SHIM,1Y,（株）ムロコーポレーション,A1,A1,TP-131,100,TP131ﾌﾀﾅｼ,1,1,0.73,0.93,3,0.93,0.93,1.1,0.5
9056455A049,SHIM,1Y,（株）ムロコーポレーション,A1,A1,TP-131,100,TP131ﾌﾀﾅｼ,1,1,0.73,0.93,3,0.93,0.93,1.1,0.5
9056455A050,SHIM,1Y,（株）ムロコーポレーション,A1,A1,TP-131,100,TP131ﾌﾀﾅｼ,1,1,0.73,0.93,3,0.93,0.93,1.1,0.5
9056455A051,SHIM,1Y,（株）ムロコーポレーション,A1,A1,TP-131,100,TP131ﾌﾀﾅｼ,1,1,0.73,0.93,3,0.93,0.93,1.1,0.5
9056455A052,SHIM,1Y,（株）ムロコーポレーション,A1,A1,TP-131,100,TP131ﾌﾀﾅｼ,1,1,0.73,0.93,3,0.93,0.93,1.1,0.5
9056455A053,SHIM,1Y,（株）ムロコーポレーション,A1,A1,TP-131,100,TP131ﾌﾀﾅｼ,1,1,0.73,0.93,3,0.93,0.93,1.1,0.5
9056455A054,SHIM,1Y,（株）ムロコーポレーション,A1,A1,TP-131,100,TP131ﾌﾀﾅｼ,1,1,0.73,0.93,3,0.93,0.93,1.1,0.5
9056455A055,SHIM,1Y,（株）ムロコーポレーション,A1,A1,TP-131,100,TP131ﾌﾀﾅｼ,1,1,0.73,0.93,3,0.93,0.93,1.1,0.5
9056455A056,SHIM,1Y,（株）ムロコーポレーション,A1,A1,TP-131,100,TP131ﾌﾀﾅｼ,1,1,0.73,0.93,3,0.93,0.93,1.1,0.5
9056455A057,SHIM,1Y,（株）ムロコーポレーション,A1,A1,TP-131,100,TP131ﾌﾀﾅｼ,1,1,0.73,0.93,3,0.93,0.93,1.1,0.5
9056455A058,SHIM,1Y,（株）ムロコーポレーション,A1,A1,TP-131,100,TP131ﾌﾀﾅｼ,1,1,0.73,0.93,3,0.93,0.93,1.1,0.5
9056455A059,SHIM,1Y,（株）ムロコーポレーション,A1,A1,TP-131,100,TP131ﾌﾀﾅｼ,1,1,0.73,0.93,3,0.93,0.93,1.1,0.5
9056455A060,SHIM,1Y,（株）ムロコーポレーション,A1,A1,TP-131,100,TP131ﾌﾀﾅｼ,1,1,0.73,0.93,3,0.93,0.93,1.1,0.5
9056455A061,SHIM,1Y,（株）ムロコーポレーション,A1,A1,TP-131,100,TP131ﾌﾀﾅｼ,1,1,0.73,0.93,3,0.93,0.93,1.1,0.5
9056455A062,SHIM,1Y,（株）ムロコーポレーション,A1,A1,TP-131,100,TP131ﾌﾀﾅｼ,1,1,0.73,0.93,3,0.93,0.93,1.1,0.5
9056455A063,SHIM,1Y,（株）ムロコーポレーション,A1,A1,TP-131,100,TP131ﾌﾀﾅｼ,1,1,0.73,0.93,3,0.93,0.93,1.1,0.5
9056455A064,SHIM,1Y,（株）ムロコーポレーション,A1,A1,TP-131,100,TP131ﾌﾀﾅｼ,1,1,0.73,0.93,3,0.93,0.93,1.1,0.5
9056455A065,SHIM,1Y,（株）ムロコーポレーション,A1,A1,TP-131,100,TP131ﾌﾀﾅｼ,1,1,0.73,0.93,3,0.93,0.93,1.1,0.5
9056455A066,SHIM,1Y,（株）ムロコーポレーション,A1,A1,TP-131,100,TP131ﾌﾀﾅｼ,1,1,0.73,0.93,3,0.93,0.93,1.1,0.5
9056456A061,SHIM,1Y,（株）ムロコーポレーション,A1,A1,TP-131,100,TP131ﾌﾀﾅｼ,1,1,0.73,0.93,3,0.93,0.93,1.1,0.5
9056456A062,SHIM,1Y,（株）ムロコーポレーション,A1,A1,TP-131,100,TP131ﾌﾀﾅｼ,1,1,0.73,0.93,3,0.93,0.93,1.1,0.5
9056456A063,SHIM,1Y,（株）ムロコーポレーション,A1,A1,TP-131,100,TP131ﾌﾀﾅｼ,1,1,0.73,0.93,3,0.93,0.93,1.1,0.5
9056456A064,SHIM,1Y,（株）ムロコーポレーション,A1,A1,TP-131,100,TP131ﾌﾀﾅｼ,1,1,0.73,0.93,3,0.93,0.93,1.1,0.5
9056456A065,SHIM,1Y,（株）ムロコーポレーション,A1,A1,TP-131,100,TP131ﾌﾀﾅｼ,1,1,0.73,0.93,3,0.93,0.93,1.1,0.5
9056456A066,SHIM,1Y,（株）ムロコーポレーション,A1,A1,TP-131,100,TP131ﾌﾀﾅｼ,1,1,0.73,0.93,3,0.93,0.93,1.1,0.5
9056456A067,SHIM,1Y,（株）ムロコーポレーション,A1,A1,TP-131,100,TP131ﾌﾀﾅｼ,1,1,0.73,0.93,3,0.93,0.93,1.1,0.5
9056456A068,SHIM,1Y,（株）ムロコーポレーション,A1,A1,TP-131,100,TP131ﾌﾀﾅｼ,1,1,0.73,0.93,3,0.93,0.93,1.1,0.5
9056456A069,SHIM,1Y,（株）ムロコーポレーション,A1,A1,TP-131,100,TP131ﾌﾀﾅｼ,1,1,0.73,0.93,3,0.93,0.93,1.1,0.5
9056456A070,SHIM,1Y,（株）ムロコーポレーション,A1,A1,TP-131,100,TP131ﾌﾀﾅｼ,1,1,0.73,0.93,3,0.93,0.93,1.1,0.5
9056456A071,SHIM,1Y,（株）ムロコーポレーション,A1,A1,TP-131,100,TP131ﾌﾀﾅｼ,1,1,0.73,0.93,3,0.93,0.93,1.1,0.5
9056456A072,SHIM,1Y,（株）ムロコーポレーション,A1,A1,TP-131,100,TP131ﾌﾀﾅｼ,1,1,0.73,0.93,3,0.93,0.93,1.1,0.5
9056456A073,SHIM,1Y,（株）ムロコーポレーション,A1,A1,TP-131,100,TP131ﾌﾀﾅｼ,1,1,0.73,0.93,3,0.93,0.93,1.1,0.5
9056456A074,SHIM,1Y,（株）ムロコーポレーション,A1,A1,TP-131,100,TP131ﾌﾀﾅｼ,1,1,0.73,0.93,3,0.93,0.93,1.1,0.5
9056456A075,SHIM,1Y,（株）ムロコーポレーション,A1,A1,TP-131,100,TP131ﾌﾀﾅｼ,1,1,0.73,0.93,3,0.93,0.93,1.1,0.5
9056456A076,SHIM,1Y,（株）ムロコーポレーション,A1,A1,TP-131,100,TP131ﾌﾀﾅｼ,1,1,0.73,0.93,3,0.93,0.93,1.1,0.5
9056456A077,SHIM,1Y,（株）ムロコーポレーション,A1,A1,TP-131,100,TP131ﾌﾀﾅｼ,1,1,0.73,0.93,3,0.93,0.93,1.1,0.5
9056456A078,SHIM,1Y,（株）ムロコーポレーション,A1,A1,TP-131,100,TP131ﾌﾀﾅｼ,1,1,0.73,0.93,3,0.93,0.93,1.1,0.5
9056456A079,SHIM,1Y,（株）ムロコーポレーション,A1,A1,TP-131,100,TP131ﾌﾀﾅｼ,1,1,0.73,0.93,3,0.93,0.93,1.1,0.5
9056456A080,SHIM,1Y,（株）ムロコーポレーション,A1,A1,TP-131,100,TP131ﾌﾀﾅｼ,1,1,0.73,0.93,3,0.93,0.93,1.1,0.5
9056456A081,SHIM,1Y,（株）ムロコーポレーション,A1,A1,TP-131,100,TP131ﾌﾀﾅｼ,1,1,0.73,0.93,3,0.93,0.93,1.1,0.5
9056456A082,SHIM,1Y,（株）ムロコーポレーション,A1,A1,TP-131,100,TP131ﾌﾀﾅｼ,1,1,0.73,0.93,3,0.93,0.93,1.1,0.5
9056456A152,SHIM,1Y,（株）ムロコーポレーション,A1,A1,TP-131,100,TP131ﾌﾀﾅｼ,1,1,0.73,0.93,3,0.93,0.93,1.1,0.5
9056456A153,SHIM,1Y,（株）ムロコーポレーション,A1,A1,TP-131,100,TP131ﾌﾀﾅｼ,1,1,0.73,0.93,3,0.93,0.93,1.1,0.5
9056456A154,SHIM,1Y,（株）ムロコーポレーション,A1,A1,TP-131,100,TP131ﾌﾀﾅｼ,1,1,0.73,0.93,3,0.93,0.93,1.1,0.5
9056456A155,SHIM,1Y,（株）ムロコーポレーション,A1,A1,TP-131,100,TP131ﾌﾀﾅｼ,1,1,0.73,0.93,3,0.93,0.93,1.1,0.5
9056456A156,SHIM,1Y,（株）ムロコーポレーション,A1,A1,TP-131,100,TP131ﾌﾀﾅｼ,1,1,0.73,0.93,3,0.93,0.93,1.1,0.5
9056456A157,SHIM,1Y,（株）ムロコーポレーション,A1,A1,TP-131,100,TP131ﾌﾀﾅｼ,1,1,0.73,0.93,3,0.93,0.93,1.1,0.5
9056456A158,SHIM,1Y,（株）ムロコーポレーション,A1,A1,TP-131,100,TP131ﾌﾀﾅｼ,1,1,0.73,0.93,3,0.93,0.93,1.1,0.5
9056456A159,SHIM,1Y,（株）ムロコーポレーション,A1,A1,TP-131,100,TP131ﾌﾀﾅｼ,1,1,0.73,0.93,3,0.93,0.93,1.1,0.5
9056456A160,SHIM,1Y,（株）ムロコーポレーション,A1,A1,TP-131,100,TP131ﾌﾀﾅｼ,1,1,0.73,0.93,3,0.93,0.93,1.1,0.5
9056456A161,SHIM,1Y,（株）ムロコーポレーション,A1,A1,TP-131,100,TP131ﾌﾀﾅｼ,1,1,0.73,0.93,3,0.93,0.93,1.1,0.5
9056456A162,SHIM,1Y,（株）ムロコーポレーション,A1,A1,TP-131,100,TP131ﾌﾀﾅｼ,1,1,0.73,0.93,3,0.93,0.93,1.1,0.5
9056456A163,SHIM,1Y,（株）ムロコーポレーション,A1,A1,TP-131,100,TP131ﾌﾀﾅｼ,1,1,0.73,0.93,3,0.93,0.93,1.1,0.5
9056456A164,SHIM,1Y,（株）ムロコーポレーション,A1,A1,TP-131,100,TP131ﾌﾀﾅｼ,1,1,0.73,0.93,3,0.93,0.93,1.1,0.5
9056456A165,SHIM,1Y,（株）ムロコーポレーション,A1,A1,TP-131,100,TP131ﾌﾀﾅｼ,1,1,0.73,0.93,3,0.93,0.93,1.1,0.5
9056456A166,SHIM,1Y,（株）ムロコーポレーション,A1,A1,TP-131,100,TP131ﾌﾀﾅｼ,1,1,0.73,0.93,3,0.93,0.93,1.1,0.5
9056456A167,SHIM,1Y,（株）ムロコーポレーション,A1,A1,TP-131,100,TP131ﾌﾀﾅｼ,1,1,0.73,0.93,3,0.93,0.93,1.1,0.5
9056456A168,SHIM,1Y,（株）ムロコーポレーション,A1,A1,TP-131,100,TP131ﾌﾀﾅｼ,1,1,0.73,0.93,3,0.93,0.93,1.1,0.5
9056456A169,SHIM,1Y,（株）ムロコーポレーション,A1,A1,TP-131,100,TP131ﾌﾀﾅｼ,1,1,0.73,0.93,3,0.93,0.93,1.1,0.5
9056456A170,SHIM,1Y,（株）ムロコーポレーション,A1,A1,TP-131,100,TP131ﾌﾀﾅｼ,1,1,0.73,0.93,3,0.93,0.93,1.1,0.5
9056456A171,SHIM,1Y,（株）ムロコーポレーション,A1,A1,TP-131,100,TP131ﾌﾀﾅｼ,1,1,0.73,0.93,3,0.93,0.93,1.1,0.5
9056456A172,SHIM,1Y,（株）ムロコーポレーション,A1,A1,TP-131,100,TP131ﾌﾀﾅｼ,1,1,0.73,0.93,3,0.93,0.93,1.1,0.5
9056456A173,SHIM,1Y,（株）ムロコーポレーション,A1,A1,TP-131,100,TP131ﾌﾀﾅｼ,1,1,0.73,0.93,3,0.93,0.93,1.1,0.5
9056456A174,SHIM,1Y,（株）ムロコーポレーション,A1,A1,TP-131,100,TP131ﾌﾀﾅｼ,1,1,0.73,0.93,3,0.93,0.93,1.1,0.5
9056456A175,SHIM,1Y,（株）ムロコーポレーション,A1,A1,TP-131,100,TP131ﾌﾀﾅｼ,1,1,0.73,0.93,3,0.93,0.93,1.1,0.5
9056457A114,SHIM,1Y,（株）ムロコーポレーション,A1,A1,TP-131,100,TP131ﾌﾀﾅｼ,1,1,0.73,0.93,3,0.93,0.93,1.1,0.5
9056457A115,SHIM,1Y,（株）ムロコーポレーション,A1,A1,TP-131,100,TP131ﾌﾀﾅｼ,1,1,0.73,0.93,3,0.93,0.93,1.1,0.5
9056457A116,SHIM,1Y,（株）ムロコーポレーション,A1,A1,TP-131,100,TP131ﾌﾀﾅｼ,1,1,0.73,0.93,3,0.93,0.93,1.1,0.5
9056457A117,SHIM,1Y,（株）ムロコーポレーション,A1,A1,TP-131,100,TP131ﾌﾀﾅｼ,1,1,0.73,0.93,3,0.93,0.93,1.1,0.5
9056457A118,SHIM,1Y,（株）ムロコーポレーション,A1,A1,TP-131,100,TP131ﾌﾀﾅｼ,1,1,0.73,0.93,3,0.93,0.93,1.1,0.5
9056457A119,SHIM,1Y,（株）ムロコーポレーション,A1,A1,TP-131,100,TP131ﾌﾀﾅｼ,1,1,0.73,0.93,3,0.93,0.93,1.1,0.5
9056457A120,SHIM,1Y,（株）ムロコーポレーション,A1,A1,TP-131,100,TP131ﾌﾀﾅｼ,1,1,0.73,0.93,3,0.93,0.93,1.1,0.5
9056457A121,SHIM,1Y,（株）ムロコーポレーション,A1,A1,TP-131,100,TP131ﾌﾀﾅｼ,1,1,0.73,0.93,3,0.93,0.93,1.1,0.5
9056457A122,SHIM,1Y,（株）ムロコーポレーション,A1,A1,TP-131,100,TP131ﾌﾀﾅｼ,1,1,0.73,0.93,3,0.93,0.93,1.1,0.5
9056457A123,SHIM,1Y,（株）ムロコーポレーション,A1,A1,TP-131,100,TP131ﾌﾀﾅｼ,1,1,0.73,0.93,3,0.93,0.93,1.1,0.5
9056457A124,SHIM,1Y,（株）ムロコーポレーション,A1,A1,TP-131,100,TP131ﾌﾀﾅｼ,1,1,0.73,0.93,3,0.93,0.93,1.1,0.5
9056457A125,SHIM,1Y,（株）ムロコーポレーション,A1,A1,TP-131,100,TP131ﾌﾀﾅｼ,1,1,0.73,0.93,3,0.93,0.93,1.1,0.5
9056457A126,SHIM,1Y,（株）ムロコーポレーション,A1,A1,TP-131,100,TP131ﾌﾀﾅｼ,1,1,0.73,0.93,3,0.93,0.93,1.1,0.5
9056457A127,SHIM,1Y,（株）ムロコーポレーション,A1,A1,TP-131,100,TP131ﾌﾀﾅｼ,1,1,0.73,0.93,3,0.93,0.93,1.1,0.5
9056457A128,SHIM,1Y,（株）ムロコーポレーション,A1,A1,TP-131,100,TP131ﾌﾀﾅｼ,1,1,0.73,0.93,3,0.93,0.93,1.1,0.5
9056457A129,SHIM,1Y,（株）ムロコーポレーション,A1,A1,TP-131,100,TP131ﾌﾀﾅｼ,1,1,0.73,0.93,3,0.93,0.93,1.1,0.5
9056457A130,SHIM,1Y,（株）ムロコーポレーション,A1,A1,TP-131,100,TP131ﾌﾀﾅｼ,1,1,0.73,0.93,3,0.93,0.93,1.1,0.5
9056457A131,SHIM,1Y,（株）ムロコーポレーション,A1,A1,TP-131,100,TP131ﾌﾀﾅｼ,1,1,0.73,0.93,3,0.93,0.93,1.1,0.5
9056457A132,SHIM,1Y,（株）ムロコーポレーション,A1,A1,TP-131,100,TP131ﾌﾀﾅｼ,1,1,0.73,0.93,3,0.93,0.93,1.1,0.5
9056457A133,SHIM,1Y,（株）ムロコーポレーション,A1,A1,TP-131,100,TP131ﾌﾀﾅｼ,1,1,0.73,0.93,3,0.93,0.93,1.1,0.5
9056457A134,SHIM,1Y,（株）ムロコーポレーション,A1,A1,TP-131,100,TP131ﾌﾀﾅｼ,1,1,0.73,0.93,3,0.93,0.93,1.1,0.5
9056457A135,SHIM,1Y,（株）ムロコーポレーション,A1,A1,TP-131,100,TP131ﾌﾀﾅｼ,1,1,0.73,0.93,3,0.93,0.93,1.1,0.5
9056457A136,SHIM,1Y,（株）ムロコーポレーション,A1,A1,TP-131,100,TP131ﾌﾀﾅｼ,1,1,0.73,0.93,3,0.93,0.93,1.1,0.5
9056457A137,SHIM,1Y,（株）ムロコーポレーション,A1,A1,TP-131,100,TP131ﾌﾀﾅｼ,1,1,0.73,0.93,3,0.93,0.93,1.1,0.5
9056457A138,SHIM,1Y,（株）ムロコーポレーション,A1,A1,TP-131,100,TP131ﾌﾀﾅｼ,1,1,0.73,0.93,3,0.93,0.93,1.1,0.5
9056457A139,SHIM,1Y,（株）ムロコーポレーション,A1,A1,TP-131,100,TP131ﾌﾀﾅｼ,1,1,0.73,0.93,3,0.93,0.93,1.1,0.5
9056457A140,SHIM,1Y,（株）ムロコーポレーション,A1,A1,TP-131,100,TP131ﾌﾀﾅｼ,1,1,0.73,0.93,3,0.93,0.93,1.1,0.5
9056457A141,SHIM,1Y,（株）ムロコーポレーション,A1,A1,TP-131,100,TP131ﾌﾀﾅｼ,1,1,0.73,0.93,3,0.93,0.93,1.1,0.5
9056457A142,SHIM,1Y,（株）ムロコーポレーション,A1,A1,TP-131,100,TP131ﾌﾀﾅｼ,1,1,0.73,0.93,3,0.93,0.93,1.1,0.5
9056457A143,SHIM,1Y,（株）ムロコーポレーション,A1,A1,TP-131,100,TP131ﾌﾀﾅｼ,1,1,0.73,0.93,3,0.93,0.93,1.1,0.5
9056457A144,SHIM,1Y,（株）ムロコーポレーション,A1,A1,TP-131,100,TP131ﾌﾀﾅｼ,1,1,0.73,0.93,3,0.93,0.93,1.1,0.5
9056457A145,SHIM,1Y,（株）ムロコーポレーション,A1,A1,TP-131,100,TP131ﾌﾀﾅｼ,1,1,0.73,0.93,3,0.93,0.93,1.1,0.5
9056457A146,SHIM,1Y,（株）ムロコーポレーション,A1,A1,TP-131,100,TP131ﾌﾀﾅｼ,1,1,0.73,0.93,3,0.93,0.93,1.1,0.5
9056457A147,SHIM,1Y,（株）ムロコーポレーション,A1,A1,TP-131,100,TP131ﾌﾀﾅｼ,1,1,0.73,0.93,3,0.93,0.93,1.1,0.5
9056457A148,SHIM,1Y,（株）ムロコーポレーション,A1,A1,TP-131,100,TP131ﾌﾀﾅｼ,1,1,0.73,0.93,3,0.93,0.93,1.1,0.5
9056457A149,SHIM,1Y,（株）ムロコーポレーション,A1,A1,TP-131,100,TP131ﾌﾀﾅｼ,1,1,0.73,0.93,3,0.93,0.93,1.1,0.5
9056457A150,SHIM,1Y,（株）ムロコーポレーション,A1,A1,TP-131,100,TP131ﾌﾀﾅｼ,1,1,0.73,0.93,3,0.93,0.93,1.1,0.5
9056457A151,SHIM,1Y,（株）ムロコーポレーション,A1,A1,TP-131,100,TP131ﾌﾀﾅｼ,1,1,0.73,0.93,3,0.93,0.93,1.1,0.5
9056457A152,SHIM,1Y,（株）ムロコーポレーション,A1,A1,TP-131,100,TP131ﾌﾀﾅｼ,1,1,0.73,0.93,3,0.93,0.93,1.1,0.5
9056457A153,SHIM,1Y,（株）ムロコーポレーション,A1,A1,TP-131,100,TP131ﾌﾀﾅｼ,1,1,0.73,0.93,3,0.93,0.93,1.1,0.5
9056457A154,SHIM,1Y,（株）ムロコーポレーション,A1,A1,TP-131,100,TP131ﾌﾀﾅｼ,1,1,0.73,0.93,3,0.93,0.93,1.1,0.5
9056457A155,SHIM,1Y,（株）ムロコーポレーション,A1,A1,TP-131,100,TP131ﾌﾀﾅｼ,1,1,0.73,0.93,3,0.93,0.93,1.1,0.5
9056457A156,SHIM,1Y,（株）ムロコーポレーション,A1,A1,TP-131,100,TP131ﾌﾀﾅｼ,1,1,0.73,0.93,3,0.93,0.93,1.1,0.5
9056457A157,SHIM,1Y,（株）ムロコーポレーション,A1,A1,TP-131,100,TP131ﾌﾀﾅｼ,1,1,0.73,0.93,3,0.93,0.93,1.1,0.5
9056457A158,SHIM,1Y,（株）ムロコーポレーション,A1,A1,TP-131,100,TP131ﾌﾀﾅｼ,1,1,0.73,0.93,3,0.93,0.93,1.1,0.5
9056457A159,SHIM,1Y,（株）ムロコーポレーション,A1,A1,TP-131,100,TP131ﾌﾀﾅｼ,1,1,0.73,0.93,3,0.93,0.93,1.1,0.5
9056463A011,SHIM,1Y,（株）ムロコーポレーション,A1,A1,TP-131,100,TP131ﾌﾀﾅｼ,1,1,0.73,0.93,3,0.93,0.93,1.1,0.5
9056463A012,SHIM,1Y,（株）ムロコーポレーション,A1,A1,TP-131,100,TP131ﾌﾀﾅｼ,1,1,0.73,0.93,3,0.93,0.93,1.1,0.5
9056463A013,SHIM,1Y,（株）ムロコーポレーション,A1,A1,TP-131,100,TP131ﾌﾀﾅｼ,1,1,0.73,0.93,3,0.93,0.93,1.1,0.5
9056463A014,SHIM,1Y,（株）ムロコーポレーション,A1,A1,TP-131,100,TP131ﾌﾀﾅｼ,1,1,0.73,0.93,3,0.93,0.93,1.1,0.5
9056463A015,SHIM,1Y,（株）ムロコーポレーション,A1,A1,TP-131,100,TP131ﾌﾀﾅｼ,1,1,0.73,0.93,3,0.93,0.93,1.1,0.5
9056463A016,SHIM,1Y,（株）ムロコーポレーション,A1,A1,TP-131,100,TP131ﾌﾀﾅｼ,1,1,0.73,0.93,3,0.93,0.93,1.1,0.5
9056463A017,SHIM,1Y,（株）ムロコーポレーション,A1,A1,TP-131,100,TP131ﾌﾀﾅｼ,1,1,0.73,0.93,3,0.93,0.93,1.1,0.5
9056463A018,SHIM,1Y,（株）ムロコーポレーション,A1,A1,TP-131,100,TP131ﾌﾀﾅｼ,1,1,0.73,0.93,3,0.93,0.93,1.1,0.5
9056463A019,SHIM,1Y,（株）ムロコーポレーション,A1,A1,TP-131,100,TP131ﾌﾀﾅｼ,1,1,0.73,0.93,3,0.93,0.93,1.1,0.5
9056463A020,SHIM,1Y,（株）ムロコーポレーション,A1,A1,TP-131,100,TP131ﾌﾀﾅｼ,1,1,0.73,0.93,3,0.93,0.93,1.1,0.5
9056463A021,SHIM,1Y,（株）ムロコーポレーション,A1,A1,TP-131,100,TP131ﾌﾀﾅｼ,1,1,0.73,0.93,3,0.93,0.93,1.1,0.5
9056463A022,SHIM,1Y,（株）ムロコーポレーション,A1,A1,TP-131,100,TP131ﾌﾀﾅｼ,1,1,0.73,0.93,3,0.93,0.93,1.1,0.5
9056463A023,SHIM,1Y,（株）ムロコーポレーション,A1,A1,TP-131,100,TP131ﾌﾀﾅｼ,1,1,0.73,0.93,3,0.93,0.93,1.1,0.5
9056463A024,SHIM,1Y,（株）ムロコーポレーション,A1,A1,TP-131,100,TP131ﾌﾀﾅｼ,1,1,0.73,0.93,3,0.93,0.93,1.1,0.5
9056463A025,SHIM,1Y,（株）ムロコーポレーション,A1,A1,TP-131,100,TP131ﾌﾀﾅｼ,1,1,0.73,0.93,3,0.93,0.93,1.1,0.5
9056463A026,SHIM,1Y,（株）ムロコーポレーション,A1,A1,TP-131,100,TP131ﾌﾀﾅｼ,1,1,0.73,0.93,3,0.93,0.93,1.1,0.5
9056463A027,SHIM,1Y,（株）ムロコーポレーション,A1,A1,TP-131,100,TP131ﾌﾀﾅｼ,1,1,0.73,0.93,3,0.93,0.93,1.1,0.5
9056463A028,SHIM,1Y,（株）ムロコーポレーション,A1,A1,TP-131,100,TP131ﾌﾀﾅｼ,1,1,0.73,0.93,3,0.93,0.93,1.1,0.5
9056463A029,SHIM,1Y,（株）ムロコーポレーション,A1,A1,TP-131,100,TP131ﾌﾀﾅｼ,1,1,0.73,0.93,3,0.93,0.93,1.1,0.5
9056463A030,SHIM,1Y,（株）ムロコーポレーション,A1,A1,TP-131,100,TP131ﾌﾀﾅｼ,1,1,0.73,0.93,3,0.93,0.93,1.1,0.5
9056463A031,SHIM,1Y,（株）ムロコーポレーション,A1,A1,TP-131,100,TP131ﾌﾀﾅｼ,1,1,0.73,0.93,3,0.93,0.93,1.1,0.5
9056463A032,SHIM,1Y,（株）ムロコーポレーション,A1,A1,TP-131,100,TP131ﾌﾀﾅｼ,1,1,0.73,0.93,3,0.93,0.93,1.1,0.5
9056463A033,SHIM,1Y,（株）ムロコーポレーション,A1,A1,TP-131,100,TP131ﾌﾀﾅｼ,1,1,0.73,0.93,3,0.93,0.93,1.1,0.5
9056463A034,SHIM,1Y,（株）ムロコーポレーション,A1,A1,TP-131,100,TP131ﾌﾀﾅｼ,1,1,0.73,0.93,3,0.93,0.93,1.1,0.5
9056463A035,SHIM,1Y,（株）ムロコーポレーション,A1,A1,TP-131,100,TP131ﾌﾀﾅｼ,1,1,0.73,0.93,3,0.93,0.93,1.1,0.5
9056463A036,SHIM,1Y,（株）ムロコーポレーション,A1,A1,TP-131,100,TP131ﾌﾀﾅｼ,1,1,0.73,0.93,3,0.93,0.93,1.1,0.5
9056463A037,SHIM,1Y,（株）ムロコーポレーション,A1,A1,TP-131,100,TP131ﾌﾀﾅｼ,1,1,0.73,0.93,3,0.93,0.93,1.1,0.5
9056463A038,SHIM,1Y,（株）ムロコーポレーション,A1,A1,TP-131,100,TP131ﾌﾀﾅｼ,1,1,0.73,0.93,3,0.93,0.93,1.1,0.5
9056463A039,SHIM,1Y,（株）ムロコーポレーション,A1,A1,TP-131,100,TP131ﾌﾀﾅｼ,1,1,0.73,0.93,3,0.93,0.93,1.1,0.5
9056463A040,SHIM,1Y,（株）ムロコーポレーション,A1,A1,TP-131,100,TP131ﾌﾀﾅｼ,1,1,0.73,0.93,3,0.93,0.93,1.1,0.5
9056463A041,SHIM,1Y,（株）ムロコーポレーション,A1,A1,TP-131,100,TP131ﾌﾀﾅｼ,1,1,0.73,0.93,3,0.93,0.93,1.1,0.5
9056463A042,SHIM,1Y,（株）ムロコーポレーション,A1,A1,TP-131,100,TP131ﾌﾀﾅｼ,1,1,0.73,0.93,3,0.93,0.93,1.1,0.5
9056463A043,SHIM,1Y,（株）ムロコーポレーション,A1,A1,TP-131,100,TP131ﾌﾀﾅｼ,1,1,0.73,0.93,3,0.93,0.93,1.1,0.5
9056463A044,SHIM,1Y,（株）ムロコーポレーション,A1,A1,TP-131,100,TP131ﾌﾀﾅｼ,1,1,0.73,0.93,3,0.93,0.93,1.1,0.5
9056463A045,SHIM,1Y,（株）ムロコーポレーション,A1,A1,TP-131,100,TP131ﾌﾀﾅｼ,1,1,0.73,0.93,3,0.93,0.93,1.1,0.5
9056463A046,SHIM,1Y,（株）ムロコーポレーション,A1,A1,TP-131,100,TP131ﾌﾀﾅｼ,1,1,0.73,0.93,3,0.93,0.93,1.1,0.5
9056463A047,SHIM,1Y,（株）ムロコーポレーション,A1,A1,TP-131,100,TP131ﾌﾀﾅｼ,1,1,0.73,0.93,3,0.93,0.93,1.1,0.5
9056463A048,SHIM,1Y,（株）ムロコーポレーション,A1,A1,TP-131,100,TP131ﾌﾀﾅｼ,1,1,0.73,0.93,3,0.93,0.93,1.1,0.5
9056463A049,SHIM,1Y,（株）ムロコーポレーション,A1,A1,TP-131,100,TP131ﾌﾀﾅｼ,1,1,0.73,0.93,3,0.93,0.93,1.1,0.5
9056463A050,SHIM,1Y,（株）ムロコーポレーション,A1,A1,TP-131,100,TP131ﾌﾀﾅｼ,1,1,0.73,0.93,3,0.93,0.93,1.1,0.5
9056463A051,SHIM,1Y,（株）ムロコーポレーション,A1,A1,TP-131,100,TP131ﾌﾀﾅｼ,1,1,0.73,0.93,3,0.93,0.93,1.1,0.5
9056463A052,SHIM,1Y,（株）ムロコーポレーション,A1,A1,TP-131,100,TP131ﾌﾀﾅｼ,1,1,0.73,0.93,3,0.93,0.93,1.1,0.5
9056463A053,SHIM,1Y,（株）ムロコーポレーション,A1,A1,TP-131,100,TP131ﾌﾀﾅｼ,1,1,0.73,0.93,3,0.93,0.93,1.1,0.5
9056463A054,SHIM,1Y,（株）ムロコーポレーション,A1,A1,TP-131,100,TP131ﾌﾀﾅｼ,1,1,0.73,0.93,3,0.93,0.93,1.1,0.5
9056463A055,SHIM,1Y,（株）ムロコーポレーション,A1,A1,TP-131,100,TP131ﾌﾀﾅｼ,1,1,0.73,0.93,3,0.93,0.93,1.1,0.5
9056463A056,SHIM,1Y,（株）ムロコーポレーション,A1,A1,TP-131,100,TP131ﾌﾀﾅｼ,1,1,0.73,0.93,3,0.93,0.93,1.1,0.5
9010512A019,"BOLT, FLANGE",1Y,（株）メイドー,A1,A1,TP-331,210,TP331ﾌﾀﾅｼ,1,6,4.56,0.48,3,0.55,0.55,1.1,0.5
82125ECA010,"WIRE, TRANSMISSION",1Y,矢崎総業（株）,A2,A2,TP-332,100,TP332ﾌﾀｱﾘ,1,1,1.79,1.03,3,1.03,1.03,1.1,0.5
82125ECB010,"WIRE, TRANSMISSION",1Y,矢崎総業（株）,A2,A2,TP-332,100,TP332ﾌﾀｱﾘ,1,1,1.79,1.03,3,1.03,1.03,1.1,0.5
82125ECE010,"WIRE, TRANSMISSION",1Y,矢崎総業（株）,A2,A2,TP-332,100,TP332ﾌﾀｱﾘ,1,1,1.79,1.03,3,1.03,1.03,1.1,0.5
82824ECA010,"CONNECTOR, WIRING HARNESS",1Y,矢崎総業（株）,A1,A1,TP-331,40,TP331ﾌﾀｱﾘ,1,1,1.79,1.03,3,1.03,1.03,1.1,0.5
82824ECB010,"CONNECTOR, WIRING HARNESS",1Y,矢崎総業（株）,A1,A1,TP-331,32,TP331ﾌﾀｱﾘ,1,1,1.79,1.03,3,1.03,1.03,1.1,0.5
82824ECB020,"CONNECTOR, WIRING HARNESS",1Y,矢崎総業（株）,A1,A1,TP-331,40,TP331ﾌﾀｱﾘ,1,1,1.79,1.03,3,1.03,1.03,1.1,0.5
G1144ECA020,"TERMINAL, MOTOR CABLE",1Y,矢崎総業（株）,A1,A1,TP-331,6,TP331ﾌﾀｱﾘ,1,1,1.79,1.03,3,1.03,1.03,1.1,0.5
G1144ECE010,"TERMINAL, MOTOR CABLE",1Y,矢崎総業（株）,A1,A1,TP-331,8,TP331ﾌﾀｱﾘ,1,1,1.79,1.03,3,1.03,1.03,1.1,0.5
G1174ECA030,"WIRE, MOTOR REVOLUTION SENSOR",1Y,矢崎総業（株）,B2,B2,TP-362,50,TP331ﾌﾀｱﾘ,1,1,1.79,1.03,3,1.03,1.03,1.1,0.5
35847ECB010,"TUBE, TRANSAXLE LUBE APPLY",1Y,（株）メタルテック,A2,A2,TP-332,80,TP332ﾌﾀﾅｼ,1,1,1.9,1.04,3,1.04,1.04,1.1,0.5
35847ECB020,"TUBE, TRANSAXLE LUBE APPLY",1Y,（株）メタルテック,A2,A2,TP-332,70,TP332ﾌﾀﾅｼ,1,1,1.9,1.04,3,1.04,1.04,1.1,0.5
35847ECE010,"TUBE, TRANSAXLE LUBE APPLY",1Y,（株）メタルテック,A2,A2,TP-332,40,TP332ﾌﾀﾅｼ,1,1,1.9,1.04,3,1.04,1.04,1.1,0.5
35847ECE020,"TUBE, TRANSAXLE LUBE APPLY",1Y,（株）メタルテック,A2,A2,TP-332,60,TP332ﾌﾀﾅｼ,1,1,1.9,1.04,3,1.04,1.04,1.1,0.5
35882ECB010,"TUBE, DIFFERENTIAL GEAR LUBE APPLY",1Y,（株）メタルテック,A2,A2,TP-332,50,TP332ﾌﾀﾅｼ,1,1,1.9,1.04,3,1.04,1.04,1.1,0.5
01912ECA020,"CAP, SHIPPING",1Y,日進工業（株）,A2,A2,TP-332,100,TP332ﾌﾀﾅｼ,1,1,0.81,0.52,0,0.52,0.52,1.1,0.5
35125ECA010,"TUBE, TRANSMISSION OIL PAN",1Y,（株）ニフコ,A1,A1,TP-131,350,TP331ﾌﾀﾅｼ,1,1,2.14,1.07,3,1.07,1.07,1.1,0.5
35441ECB010,"STRAINER, OIL",1Y,（株）ニフコ,A1,A1,TP-331,48,TP331ﾌﾀﾅｼ,1,1,2.14,1.07,3,1.07,1.07,1.1,0.5
35441TFA010,"STRAINER, OIL",1Y,（株）ニフコ,A1,A1,TP-331,100,TP331ﾌﾀﾅｼ,1,1,2.14,1.07,3,1.07,1.07,1.1,0.5
35409ECA020,"SPRING SUB-ASSY, MANUAL DETENT",1Y,サンコール（株）,A1,A1,TP-131,150,TP131ﾌﾀﾅｼ,1,1,2.26,1.08,3,1.08,1.08,1.1,0.5
35409ECB010,"SPRING SUB-ASSY, MANUAL DETENT",1Y,サンコール（株）,A1,A1,AW-131,200,TP131ﾌﾀﾅｼ,1,1,2.26,1.08,3,1.08,1.08,1.1,0.5
35599ECA020,"COVER, DETENT SPRING",1Y,サンコール（株）,A1,A1,AW-131,200,TP131ﾌﾀﾅｼ,1,1,2.26,1.08,3,1.08,1.08,1.1,0.5
35312ECF010,"(CA), TRANSMISSION OIL PUMP COVER",1Y,ダイキャスト東和産業（株）,0,0,ﾎﾟﾘﾊﾞｺ,200,,1,1,1,1.25,3,1.25,1.25,1.1,0.5
35312ECF010,"(CA), TRANSMISSION OIL PUMP COVER",1Y,ダイキャスト東和産業（株）,0,0,ﾎﾟﾘﾊﾞｺ,200,,1,1,1,1.25,3,1.25,1.25,1.1,0.5
G1133ECD010,"(CA), MOTOR ROTOR END PLATE",1Y,ダイキャスト東和産業（株）,0,0,Bﾊﾟﾚ,700,,1,1,2,0,0,0,0,1.2,0.5
35351ECB010,"ROTOR, TRANSMISSION OIL PUMP DRIVE",1Y,五興商事（株）,A1,A1,TP-331,704,,1,1,1,1.25,3,1.25,1.25,1.1,0.5
9050113A083,"SPRING, COMPRESSION",1Y,（株）東郷製作所,A1,A1,AW-131,250,,1,1,1,1.25,3,1.25,1.25,1.1,0.5
9050113A086,"SPRING, COMPRESSION",1Y,（株）東郷製作所,A1,A1,AW-131,250,TP131ﾌﾀﾅｼ,1,1,1,1.25,3,1.25,1.25,1.1,0.5
9020843A001,"WASHER, CONICAL SPRING",1Y,中庸スプリング（株）,A1,A1,TP-131,400,,1,1,1,1.25,3,1.25,1.25,1.1,0.5
35288ECB020,"DAMPER, RUBBER",1Y,日昌（株）,B1,B1,TP-341,120,,1,1,1,1.25,3,1.25,1.25,1.1,0.5
35288ECB020,"DAMPER, RUBBER",1Y,日昌（株）,B1,B1,TP-341,120,,1,1,1,1.25,3,1.25,1.25,1.1,0.5
35288ECE010,"DAMPER, RUBBER",1Y,日昌（株）,A1,A1,TP-331,30,,1,1,1,1.25,3,1.25,1.25,1.1,0.5
35288ECE010,"DAMPER, RUBBER",1Y,日昌（株）,A1,A1,TP-331,30,,1,1,1,1.25,3,1.25,1.25,1.1,0.5
35771ECF010,"(FO), OUTPUT SHAFT",1Y,愛知製鋼（株）,0,0,ｼﾞﾕｼﾊﾟﾚ,64,,1,1,1,1.25,3,1.25,1.25,1.1,0.5
35771ECF020,"(FO), OUTPUT SHAFT",1Y,愛知製鋼（株）,0,0,ｼﾞﾕｼﾊﾟﾚ,64,,1,1,1,1.25,3,1.25,1.25,1.1,0.5
G1131ECF010,"(FO), ROTOR SHAFT",1Y,（株）コタニ,0,0,ｼﾞﾕｼﾊﾟﾚ,130,,1,1,1,1.25,3,1.25,1.25,1.1,0.5
G1131ECF020,"(FO), ROTOR SHAFT",1Y,（株）コタニ,0,0,ｼﾞﾕｼﾊﾟﾚ,130,,1,1,1,1.25,3,1.25,1.25,1.1,0.5
G1131ECF030,"(FO), ROTOR SHAFT",1Y,（株）コタニ,0,0,ｼﾞﾕｼﾊﾟﾚ,170,,1,1,1,1.25,3,1.25,1.25,1.1,0.5
35141ECD020,"(CA), TRANSAXLE CASE",1Y,アイシン軽金属（株）,0,0,Aﾊﾟﾚ,20,,1,1,1,1.25,3,1.25,1.25,1.1,0.5
35141ECD020,"(CA), TRANSAXLE CASE",1Y,アイシン軽金属（株）,0,0,Aﾊﾟﾚ,20,,1,1,1,1.25,3,1.25,1.25,1.1,0.5
35141ECD030,"(CA), TRANSAXLE CASE",1Y,アイシン軽金属（株）,0,0,Aﾊﾟﾚ,36,,1,1,1,1.25,3,1.25,1.25,1.1,0.5
35141ECD030,"(CA), TRANSAXLE CASE",1Y,アイシン軽金属（株）,0,0,Aﾊﾟﾚ,36,,1,1,1,1.25,3,1.25,1.25,1.1,0.5
35141ECD040,"(CA), TRANSAXLE CASE",1Y,アイシン軽金属（株）,0,0,Aﾊﾟﾚ,15,,1,1,1,1.25,3,1.25,1.25,1.1,0.5
39171ECD010,"(CA), MOTOR HOUSING COVER",1Y,アイシン軽金属（株）,0,0,Aﾊﾟﾚ,30,,1,1,1,1.25,3,1.25,1.25,1.1,0.5
39171ECD010,"(CA), MOTOR HOUSING COVER",1Y,アイシン軽金属（株）,0,0,Aﾊﾟﾚ,30,,1,1,1,1.25,3,1.25,1.25,1.1,0.5
39171ECD020,"(CA), MOTOR HOUSING COVER",1Y,アイシン軽金属（株）,0,0,Aﾊﾟﾚ,35,,1,1,1,1.25,3,1.25,1.25,1.1,0.5
39171ECD020,"(CA), MOTOR HOUSING COVER",1Y,アイシン軽金属（株）,0,0,Aﾊﾟﾚ,35,,1,1,1,1.25,3,1.25,1.25,1.1,0.5
39171ECD030,"(CA), MOTOR HOUSING COVER",1Y,アイシン軽金属（株）,0,0,Aﾊﾟﾚ,42,,1,1,1,1.25,3,1.25,1.25,1.1,0.5
89429ECB010,"SENSOR, TEMPERATURE",1Y,ＴＤＫ（株）,0,0,ﾀﾞﾝﾎﾞ-ﾙﾊﾞｺ,700,,1,1,1,1.25,3,1.25,1.25,1.1,0.5
36296ECB020,CAP,1Y,イワタボルト（株）,0,0,ﾀﾞﾝﾎﾞ-ﾙﾊﾞｺ,2000,,1,1,1,1.25,3,1.25,1.25,1.1,0.5
9017906A006,NUT,1Y,イワタボルト（株）,0,0,ﾀﾞﾝﾎﾞ-ﾙﾊﾞｺ,2000,,1,1,1,1.25,3,1.25,1.25,1.1,0.5
35561ECB010,"SHAFT, PARKING LOCK, NO.1",1Y,（株）浜名製作所,A1,A1,TP-131,100,,1,1,1,1.25,3,1.25,1.25,1.1,0.5
G1131ECF040,"(FO), ROTOR SHAFT",1Y,（株）ゴーシュー,0,0,Bﾊﾟﾚ,90,,1,1,1,1,1,1,1,1.1,0.5
G1259ECB010,"RUBBER, MOTOR COOLING PIPE",1Y,ＮＯＫ（株）,A1,A1,TP-131,400,,1,1,1,1.25,3,1.25,1.25,1.1,0.5
G1259ECB010,"RUBBER, MOTOR COOLING PIPE",1Y,ＮＯＫ（株）,A1,A1,TP-131,400,,1,1,1,1.25,3,1.25,1.25,1.1,0.5
G1126ECB010,"MAGNET, MOTOR ROTOR",1Y,（株）槌屋,0,0,ﾀﾞﾝﾎﾞ-ﾙﾊﾞｺ,288,,1,1,1,1,1,1,1,1,0.5
G1126ECE010,"MAGNET, MOTOR ROTOR",1Y,（株）槌屋,0,0,ﾀﾞﾝﾎﾞ-ﾙﾊﾞｺ,576,,1,1,1,1,1,1,1,1,0.5
36296ECB010,CAP,1Y,（株）青山製作所,A1,A1,TP-131,1000,,1,1,1,1,1,1,1,1.1,0.5
9017906A005,NUT,1Y,（株）青山製作所,A1,A1,TP-331,2000,,1,1,1,1,1,1,1,1.1,0.5
89429ECB010,"SENSOR, TEMPERATURE",1Y,ＴＤＫ（株）,0,0,ﾀﾞﾝﾎﾞ-ﾙﾊﾞｺ,700,,1,1,1,1,1,0.5,1,1,0.5
354000LC050,"BODY ASSY, TRANSMISSION VALVE W/SOL",1Z,第１,A2,A2,TP-332,24,,1,1,1,1.5,1,1,1,1,0.5
G11040LC010,"STATOR SUB-ASSY, MOTOR",1Z,第１,0,0,Aﾊﾟﾚ,20,,1,1,1,1.5,1,1,1,1,0.5
354110LC030,"BODY, LWR VALVE",1Z,岡崎,A2,A2,TP-331-5,8,TP343ﾌﾀｱﾘ,1,8,8.4,1.77,6,0.77,0.77,1.1,0.5
0355183043P,"BOLT, FLANGE",1Z,（株）青山製作所,A1,A1,TP-331,2000,TP331ﾌﾀﾅｼ,1,6,5.76,1.28,2,0.78,0.78,1.1,0.5
1040052001Z,"PLUG, W/HEAD STRAIGHT SCREW",1Z,（株）青山製作所,A1,A1,TP-131,200,TP131ﾌﾀﾅｼ,1,6,5.76,1.28,2,0.78,0.78,1.1,0.5
1040183004C,"BOLT, FLANGE",1Z,（株）青山製作所,A1,A1,TP-331,2000,TP331ﾌﾀﾅｼ,1,6,5.76,1.28,2,0.78,0.78,1.1,0.5
1040183017V,"BOLT, FLANGE",1Z,（株）青山製作所,A1,A1,TP-331,2000,TP331ﾌﾀﾅｼ,1,6,5.76,1.28,2,0.78,0.78,1.1,0.5
2030183013A,"BOLT, FLANGE",1Z,（株）青山製作所,A1,A1,TP-131,500,TP131ﾌﾀﾅｼ,1,6,5.76,1.28,2,0.78,0.78,1.1,0.5
3040052001B,"PLUG, W/HEAD STRAIGHT SCREW",1Z,（株）青山製作所,A1,A1,TP-331,500,TP331ﾌﾀﾅｼ,1,6,5.76,1.45,3,0.95,0.95,1.1,0.5
9010508A014,"BOLT, FLANGE",1Z,（株）青山製作所,A1,A1,TP-331,500,TP331ﾌﾀﾅｼ,1,6,5.76,1.28,8,0.78,0.78,1.1,0.5
9010512A017,"BOLT, FLANGE",1Z,（株）青山製作所,A1,A1,TP-331,450,TP331ﾌﾀﾅｼ,1,6,5.76,1.28,2,0.78,0.78,1.1,0.5
9011006031,"BOLT, HEXAGON SOCKET HEAD CAP",1Z,（株）青山製作所,A1,A1,TP-331,1000,TP331ﾌﾀﾅｼ,1,6,5.76,1.28,2,0.78,0.78,1.1,0.5
9011906A059,"BOLT, W/WASHER",1Z,（株）青山製作所,A1,A1,TP-331,1500,TP331ﾌﾀﾅｼ,1,6,5.76,1.28,2,0.78,0.78,1.1,0.5
9011906A062,"BOLT, W/WASHER",1Z,（株）青山製作所,A1,A1,TP-331,1500,TP331ﾌﾀﾅｼ,1,6,5.76,1.28,4,0.78,0.78,1.1,0.5
9011906A063,"BOLT, W/WASHER",1Z,（株）青山製作所,A1,A1,TP-331,2000,TP331ﾌﾀﾅｼ,1,6,5.76,1.28,2,0.78,0.78,1.1,0.5
9011908A038,"BOLT, FLANGE W/WASHER",1Z,（株）青山製作所,A1,A1,TP-331,250,TP331ﾌﾀﾅｼ,1,6,5.76,1.28,3,0.78,0.78,1.1,0.5
9014906A004,SCREW,1Z,（株）青山製作所,A1,A1,TP-331,3000,TP331ﾌﾀﾅｼ,1,6,5.76,1.28,6,0.78,0.78,1.1,0.5
9155180610,"BOLT, FLANGE",1Z,（株）青山製作所,A1,A1,TP-331,2000,TP331ﾌﾀﾅｼ,1,6,5.76,1.28,2,0.78,0.78,1.1,0.5
354260LC010,"PISTON, K-0 CLUTCH",1Z,（株）旭工業所,A2,A2,TP-332,9,TP-332,1,1,1.88,1.35,4,0.85,0.85,1.1,0.5
354710LC010,"COVER, UPR VALVE BODY",1Z,（株）旭工業所,A2,A2,TP-331-5,45,TP331.5ﾌﾀﾅｼ,1,1,1.88,1.35,5,0.85,0.85,1.1,0.5
356680LC020,"BALANCER, CLUTCH, NO.1",1Z,（株）旭工業所,A2,A2,TP-331-5,32,TP331.5ﾌﾀﾅｼ,1,1,1.88,1.35,4,0.85,0.85,1.1,0.5
019120LC040,"CAP, SHIPPING",1Z,石黒ゴム工業（株）,A1,A1,TP-131,300,,1,2,3.64,1.68,6,1.18,1.18,1.1,0.5
019120LC060,"CAP, SHIPPING",1Z,石黒ゴム工業（株）,A2,A2,TP-332,100,TP-332,1,2,3.64,1.68,4,1.18,1.18,1.1,0.5
019120LC070,"CAP, SHIPPING",1Z,石黒ゴム工業（株）,A1,A1,TP-331,100,TP331ﾌﾀﾅｼ,1,2,3.64,1.68,4,1.18,1.18,1.1,0.5
01912TFA050,"CAP, SHIPPING",1Z,石黒ゴム工業（株）,A1,A1,TP-131,150,TP131ﾌﾀﾅｼ,1,2,3.64,1.68,4,1.18,1.18,1.1,0.5
828210LC020,"COVER, MOTOR TERMINAL",1Z,石黒ゴム工業（株）,A2,A2,TP-332,100,TP-332,1,2,3.64,1.68,4,1.18,1.18,1.1,0.5
9036414A016,"BEARING, NEEDLE ROLLER",1Z,ＮＴＮ（株）,B1,B1,PT-9,1200,,1,1,2.08,1.37,2,0.87,0.87,1.1,0.5
351980LC030,"BRACKET, WIRE HARNESS CLAMP",1Z,盟和精工（株）,A1,A1,TP-331,50,TP331ﾌﾀﾅｼ,1,1,2.42,1.41,4,0.91,0.91,1.1,0.5
351980LC040,"BRACKET, WIRE HARNESS CLAMP",1Z,盟和精工（株）,A1,A1,TP-331,200,TP331ﾌﾀﾅｼ,1,1,2.42,1.41,4,0.91,0.91,1.1,0.5
352400LC020,"SOLENOID ASSY, TRANSMISSION 3WAY",1Z,岡谷鋼機（株）,B1,B1,ｻﾝﾎﾞｯｸｽ#9T,100,,1,1,1.73,1.34,4,0.84,0.84,1.1,0.5
9036366A001,"BEARING, RADIAL BALL",1Z,岡谷鋼機（株）,B1,B1,ｻﾝﾎﾞｯｸｽ#9T,48,,1,1,1.73,1.34,7,0.84,0.84,1.1,0.5
352450LC010,"VALVE, CLUTCH APPLY RELAY",1Z,（株）ギフ加藤製作所,A1,A1,AW-131,168,TP131ﾌﾀﾅｼ,1,2,3.78,1.49,3,0.99,0.99,1.1,0.5
35275TBG010,"VALVE, SOLENOID MODULATOR",1Z,（株）ギフ加藤製作所,A1,A1,AW-131,140,TP131ﾌﾀﾅｼ,1,2,3.78,1.49,3,0.99,0.99,1.1,0.5
35419TRA010,"VALVE, BY-PASS",1Z,（株）ギフ加藤製作所,A1,A1,AW-131,500,TP131ﾌﾀﾅｼ,1,2,3.78,1.49,5,0.99,0.99,1.1,0.5
354210LC040,"PISTON, DAMPER",1Z,（株）ギフ加藤製作所,A1,A1,AW-131,200,TP131ﾌﾀﾅｼ,1,2,3.78,1.49,5,0.99,0.99,1.1,0.5
357890LC160,"RACE, THRUST BEARING",1Z,（株）ジェイテクト,B1,B1,PT-9,400,,1,1,1.94,1.36,1,0.86,0.86,1.1,0.5
9037439A017,"BEARING, THRUST NEEDLE ROLLER W/RACE",1Z,（株）ジェイテクト,B1,B1,PT-9,300,,1,1,1.94,1.36,1,0.86,0.86,1.1,0.5
351060LC040,"PAN SUB-ASSY, TRANSMISSION OIL",1Z,佐藤工業（株）,B2,B2,TP-342,14,TP342ﾌﾀﾅｼ,1,1,0.29,1.19,4,0.69,0.69,1.1,0.5
351190LC010,"COVER, TRANSMISSION HOUSING",1Z,佐藤工業（株）,B2,B2,TP-342,14,TP342ﾌﾀﾅｼ,1,1,0.29,1.19,3,0.69,0.69,1.1,0.5
354320LC040,"PLATE, VALVE BODY",1Z,佐藤工業（株）,A1,A1,TP-131,100,TP131ﾌﾀﾅｼ,1,2,4,1.62,5,1.12,1.12,1.1,0.5
0355113017A,"PLUG, CUP",1Z,サトープレス工業（株）,A1,A1,AW-131,5000,TP131ﾌﾀﾅｼ,1,1,1.78,1.34,2,0.84,0.84,1.1,0.5
351980LC010,"BRACKET, HARNESS CONNECTOR",1Z,サトープレス工業（株）,A1,A1,AW-331,300,,1,1,1.78,1.34,4,0.84,0.84,1.1,0.5
351980LC020,"BRACKET, WIRE HARNESS CLAMP",1Z,サトープレス工業（株）,A1,A1,AW-331,200,TP331ﾌﾀﾅｼ,1,1,1.78,1.34,4,0.84,0.84,1.1,0.5
351988LA010,"BRACKET, HARNESS CONNECTOR",1Z,サトープレス工業（株）,A1,A1,AW-331,300,TP331ﾌﾀﾅｼ,1,1,1.78,1.34,4,0.84,0.84,1.1,0.5
354820LC010,"CLAMP, TEMPERATURE SENSOR",1Z,サトープレス工業（株）,A1,A1,AW-131,500,TP131ﾌﾀﾅｼ,1,1,1.78,1.34,4,0.84,0.84,1.1,0.5
351988LA020,"BRACKET, WIRE HARNESS CLAMP",1Z,三共鋼業（株）,A1,A1,AW-131,150,TP331ﾌﾀﾅｼ,1,1,1.78,1.03,3,1.03,1.03,1.1,0.5
351988LA030,"BRACKET, WIRE HARNESS CLAMP",1Z,三共鋼業（株）,A1,A1,AW-331,100,TP331ﾌﾀﾅｼ,1,1,1.78,1.03,3,1.03,1.03,1.1,0.5
351988LA040,"BRACKET, WIRE HARNESS CLAMP",1Z,三共鋼業（株）,A1,A1,AW-131,100,TP331ﾌﾀﾅｼ,1,1,1.78,1.03,3,1.03,1.03,1.1,0.5
321110LC010,"PLATE, DRIVEN",1Z,アイシン機工（株）,B2,B2,ｻﾝﾎﾞﾂｸｽ,7,,1,1,1.28,1.11,8,0.61,0.61,1.1,0.5
321118LA010,"PLATE, DRIVEN",1Z,アイシン機工（株）,B1,B1,ｻﾝﾎﾞｯｸｽ#23,7,,1,1,1.28,1.11,8,0.61,0.61,1.1,0.5
350610LC010,"HUB SUB-ASSY, ROTOR",1Z,（株）アイシン福井,B1,B1,TP-341-5,2,TP-341-5,1,24,19.68,1.23,16,0.63,0.63,1.1,0.5
350710LC010,"SHAFT SUB-ASSY, HYBRID MODULE INPUT",1Z,（株）アイシン福井,A2,A2,TP-332,4,TP-332,1,24,19.68,1.23,18,0.63,0.63,1.1,0.5
357710LC030,"SHAFT, HYBRID MODULE OUTPUT",1Z,（株）アイシン福井,A2,A2,TP-331-5,4,TP331.5ﾌﾀﾅｼ,1,24,19.68,1.23,24,0.63,0.63,1.1,0.5
351710LC010,"COVER, ROTOR",1Z,新日工業（株）,A2,A2,TP-332,8,TP-332,1,1,4.31,1.6,4,1.1,1.1,1.1,0.5
0355052005L,"PLUG, W/HEAD STRAIGHT SCREW",1Z,（株）杉浦製作所,A1,A1,TP-331,2000,TP331ﾌﾀﾅｼ,1,2,1.44,1.38,1,0.88,0.88,1.1,0.5
2030113004A,PLUG,1Z,アイコー（株）,A1,A1,TP-131,2000,TP131ﾌﾀﾅｼ,1,2,3.92,1.72,2,1.22,1.22,1.1,0.5
G11170LC010,"RING, REVOLUTION SENSOR ROTOR END, RH",1Z,アイコー（株）,A1,A1,TP-131,60,TP131ﾌﾀﾅｼ,1,2,3.92,1.72,4,1.22,1.22,1.1,0.5
821250LC030,"WIRE, TRANSMISSION",1Z,住友電装（株）,B2,B2,TP-362,25,,1,2,5.38,1.61,4,1.11,1.11,1.1,0.5
821258LA050,"WIRE, TRANSMISSION",1Z,住友電装（株）,0,0,TP342.5,25,,1,2,5.38,1.61,4,1.11,1.11,1.1,0.5
G114434010,"TERMINAL, MOTOR CABLE",1Z,住友電気工業（株）,A1,A1,TP-331,6,TP331ﾌﾀﾅｼ,1,1,2.26,1.39,4,0.89,0.89,1.1,0.5
G114434020,"TERMINAL, MOTOR CABLE",1Z,住友電気工業（株）,A1,A1,TP-331,6,TP331ﾌﾀﾅｼ,1,1,2.26,1.39,4,0.89,0.89,1.1,0.5
G115A34010,"PLATE, MOTOR TERMINAL BUS BAR",1Z,住友電気工業（株）,A1,A1,TP-331,54,TP331ﾌﾀﾅｼ,1,1,2.26,1.39,4,0.89,0.89,1.1,0.5
356340LC020,"PLATE, K-0 CLUTCH",1Z,（株）ダイナックス,A2,A2,TP-332,140,TP-332,1,1,2.21,1.39,2,0.89,0.89,1.1,0.5
356340LC030,"PLATE, K-0 CLUTCH",1Z,（株）ダイナックス,A2,A2,TP-332,140,TP-332,1,1,2.21,1.39,2,0.89,0.89,1.1,0.5
358830LC030,"DISC, K-0 CLUTCH",1Z,（株）ダイナックス,A2,A2,TP-332,200,TP-332,1,1,2.21,1.39,2,0.89,0.89,1.1,0.5
358830LC040,"DISC, K-0 CLUTCH",1Z,（株）ダイナックス,A2,A2,TP-332,240,TP-332,1,1,2.21,1.39,2,0.89,0.89,1.1,0.5
G11340LC010,"PLATE, MOTOR ROTOR END, LH",1Z,太平洋工業（株）,A2,A2,TP-331-5,24,TP331.5ﾌﾀﾅｼ,1,1,2.03,1.37,3,0.87,0.87,1.1,0.5
G11370LC010,"PLATE, MOTOR ROTOR MAGNET END",1Z,太平洋工業（株）,B3,B3,TP-343,24,TP331.5ﾌﾀｱﾘ,1,1,2.03,1.37,3,0.87,0.87,1.1,0.5
G117234010,"ROTOR, MOTOR REVOLUTION SENSOR",1Z,多摩川精機販売（株）,A2,A2,TP-332,100,,1,1,3.05,1.47,4,0.97,0.97,1.1,0.5
G117334010,"SENSOR, MOTOR REVOLUTION",1Z,多摩川精機販売（株）,A2,A2,TP-332,20,TP-332,1,1,3.05,1.47,4,0.97,0.97,1.1,0.5
G117334020,"SENSOR, MOTOR REVOLUTION",1Z,多摩川精機販売（株）,A2,A2,TP-332,20,TP-332,1,1,3.05,1.47,4,0.97,0.97,1.1,0.5
Y021720076,"CAP, SHIPPING",1Z,（株）チューゲン,A2,A2,TP-332,500,,1,1,1,1.5,1,1,1,1,0.5
9052199A309,"RING, HOLE SNAP",1Z,中庸スプリング（株）,A1,A1,TP-331,50,TP331ﾌﾀﾅｼ,1,2,2.34,1.4,2,0.9,0.9,1.1,0.5
9056042A001,SPACER,1Z,中庸スプリング（株）,A1,A1,TP-331,100,TP131ﾌﾀﾅｼ,1,2,2.34,1.4,4,0.9,0.9,1.1,0.5
35246TFG010,"VALVE SUB-ASSY, ACCUMULATOR CHECK",1Z,（株）東郷製作所,A1,A1,TP-131,3000,TP131ﾌﾀﾅｼ,1,8,11.12,1.32,2,0.82,0.82,1.1,0.5
356030LC020,"SPRING SUB-ASSY, CLUTCH RETURN",1Z,（株）東郷製作所,A2,A2,AW-332,63,TP-332,1,8,11.12,1.32,4,0.82,0.82,1.1,0.5
9050106A019,"SPRING, COMPRESSION",1Z,（株）東郷製作所,A1,A1,AW-131,500,TP131ﾌﾀﾅｼ,1,8,11.12,1.32,6,0.82,0.82,1.1,0.5
9050119A022,"SPRING, COMPRESSION",1Z,（株）東郷製作所,A1,A1,AW-131,500,TP331ﾌﾀﾅｼ,1,8,11.12,1.32,6,0.82,0.82,1.1,0.5
9050407A007,"SPRING, COMPRESSION",1Z,（株）東郷製作所,A1,A1,AW-131,1000,TP131ﾌﾀﾅｼ,1,8,11.12,1.32,4,0.82,0.82,1.1,0.5
9050411A003,"SPRING, COMPRESSION",1Z,（株）東郷製作所,A1,A1,AW-131,1000,TP131ﾌﾀﾅｼ,1,8,11.12,1.32,4,0.82,0.82,1.1,0.5
0355141009R,"RING, O",1Z,ＮＯＫ（株）,A1,A1,TP-131,2000,TP131ﾌﾀﾅｼ,1,2,3.65,1.39,2,0.89,0.89,1.1,0.5
3040141002R,"RING, O",1Z,ＮＯＫ（株）,0,0,ﾎﾟﾘﾊﾞｺ,2000,TP131ﾌﾀﾅｼ,1,2,3.42,1.03,3,1.03,1.03,1.1,0.5
351680LC030,"GASKET, TRANSMISSION OIL PAN",1Z,ＮＯＫ（株）,B2,B2,ｻﾝﾎﾞﾂｸｽ,24,,1,2,3.65,1.39,4,0.89,0.89,1.1,0.5
351720LC010,"GASKET, TRANSMISSION HOUSING COVER",1Z,ＮＯＫ（株）,A1,A1,TP-131,100,TP131ﾌﾀﾅｼ,1,2,3.65,1.39,4,0.89,0.89,1.1,0.5
9030111A013,"RING, O",1Z,ＮＯＫ（株）,A1,A1,TP-131,500,TP131ﾌﾀﾅｼ,1,2,3.65,1.39,4,0.89,0.89,1.1,0.5
9030115027,"RING, O",1Z,ＮＯＫ（株）,A1,A1,TP-131,1000,TP131ﾌﾀﾅｼ,1,2,3.65,1.39,2,0.89,0.89,1.1,0.5
9030132A005,"RING, O",1Z,ＮＯＫ（株）,A1,A1,TP-131,500,TP131ﾌﾀﾅｼ,1,2,3.65,1.39,2,0.89,0.89,1.1,0.5
9030146A009,"RING, O",1Z,ＮＯＫ（株）,A1,A1,TP-131,500,TP131ﾌﾀﾅｼ,1,2,3.65,1.39,2,0.89,0.89,1.1,0.5
9030199A223,"RING, O",1Z,ＮＯＫ（株）,A1,A1,TP-131,200,TP131,1,2,3.65,1.39,2,0.89,0.89,1.1,0.5
9030199A224,"RING, O",1Z,ＮＯＫ（株）,A1,A1,TP-131,200,TP131ﾌﾀﾅｼ,1,2,3.65,1.39,2,0.89,0.89,1.1,0.5
9031132A003,"SEAL, TYPE T OIL",1Z,ＮＯＫ（株）,B2,B2,ｻﾝﾎﾞﾂｸｽ,700,,1,2,3.65,1.39,2,0.89,0.89,1.1,0.5
9031164A006,"SEAL, TYPE T OIL",1Z,ＮＯＫ（株）,B2,B2,ｻﾝﾎﾞﾂｸｽ,240,,1,2,3.65,1.39,3,0.89,0.89,1.1,0.5
0355045013U,"GASKET, TRANSMISSION DRAIN PLUG",1Z,日本発条（株）,A1,A1,TP-131,2000,TP131ﾌﾀﾅｼ,1,1,2.02,1.37,3,0.87,0.87,1.1,0.5
333560LC020,"SPRING, WAVE",1Z,日本発条（株）,A2,A2,TP-332,120,TP-332,1,1,2.02,1.37,2,0.87,0.87,1.1,0.5
352800LA010,"SOLENOID ASSY, LOCK UP CONTROL",1Z,（株）デンソー,B1,B1,1ｺﾞｳﾌﾟﾗｺﾝ,40,TP-341-5,1,4,9.68,1.6,3,1.1,1.1,1.1,0.5
357890LC170,"RACE, THRUST BEARING",1Z,日本精工（株）,A1,A1,TP-131,300,TP131ﾌﾀﾅｼ,1,8,8,1.75,2,1.25,1.25,1.1,0.5
357890LC170,"RACE, THRUST BEARING",1Z,日本精工（株）,A1,A1,TP-131,300,TP131ﾌﾀﾅｼ,1,8,8.96,1.3,2,0.8,0.8,1.1,0.5
357890LC180,"RACE, THRUST BEARING",1Z,日本精工（株）,A1,A1,TP-131,200,TP131ﾌﾀﾅｼ,1,8,8.96,1.3,2,0.8,0.8,1.1,0.5
5040043004E,"PIN, STRAIGHT",1Z,日本精工（株）,A1,A1,TP-131,1000,TP131ﾌﾀﾅｼ,1,8,8.96,1.3,2,0.8,0.8,1.1,0.5
9036006004,"BALL, REVERSE SHIFT RESTRICT",1Z,日本精工（株）,B1,B1,T-10,4000,T-10,1,8,8.96,1.3,3,0.8,0.8,1.1,0.5
9036435A004,"BEARING, NEEDLE ROLLER",1Z,日本精工（株）,A1,A1,TP-131,100,TP131ﾌﾀﾅｼ,1,8,8.96,1.3,4,0.8,0.8,1.1,0.5
9036443A006,"BEARING, NEEDLE ROLLER",1Z,日本精工（株）,A1,A1,TP-131,50,TP131ﾌﾀﾅｼ,1,8,8.96,1.3,3,0.8,0.8,1.1,0.5
9037414A001,"BEARING, THRUST NEEDLE ROLLER W/RACE",1Z,日本精工（株）,B1,B1,T-10,900,,1,8,8.96,1.3,1,0.8,0.8,1.1,0.5
9037460A001,"BEARING, THRUST NEEDLE ROLLER W/RACE",1Z,日本精工（株）,A1,A1,TP-131,80,TP131ﾌﾀﾅｼ,1,8,8.96,1.3,2,0.8,0.8,1.1,0.5
391718LA010,"COVER, MOTOR HOUSING",1Z,広島アルミニウム工業（株）,0,0,Aﾊﾟﾚ,5,Aﾊﾟﾚﾌﾀﾅｼ,1,4,3.12,0.83,3,0.83,0.83,1.1,0.5
356790LC010,"FLANGE, K-0 CLUTCH",1Z,アイシン化工（株）,A1,A1,TP-331,20,TP331ﾌﾀﾅｼ,1,6,12.6,1.39,1,0.89,0.89,1.1,0.5
356790LC010,"FLANGE, K-0 CLUTCH",1Z,アイシン化工（株）,A1,A1,TP-331,20,TP331ﾌﾀﾅｼ,1,6,12.6,2.05,1,1.25,1.25,1.1,0.5
356790LC020,"FLANGE, K-0 CLUTCH",1Z,アイシン化工（株）,A1,A1,TP-331,20,TP331ﾌﾀﾅｼ,1,6,12.6,1.39,3,0.89,0.89,1.1,0.5
356790LC020,"FLANGE, K-0 CLUTCH",1Z,アイシン化工（株）,A1,A1,TP-331,20,TP331ﾌﾀﾅｼ,1,6,12.6,2.05,3,1.25,1.25,1.1,0.5
356790LC030,"FLANGE, K-0 CLUTCH",1Z,アイシン化工（株）,A1,A1,TP-331,20,TP331ﾌﾀﾅｼ,1,6,12.6,1.39,3,0.89,0.89,1.1,0.5
356790LC030,"FLANGE, K-0 CLUTCH",1Z,アイシン化工（株）,A1,A1,TP-331,20,TP331ﾌﾀﾅｼ,1,6,12.6,2.05,3,1.25,1.25,1.1,0.5
356790LC040,"FLANGE, K-0 CLUTCH",1Z,アイシン化工（株）,A1,A1,TP-331,20,TP331ﾌﾀﾅｼ,1,6,12.6,1.39,3,0.89,0.89,1.1,0.5
356790LC040,"FLANGE, K-0 CLUTCH",1Z,アイシン化工（株）,A1,A1,TP-331,20,TP331ﾌﾀﾅｼ,1,6,12.6,2.05,3,1.25,1.25,1.1,0.5
356790LC050,"FLANGE, K-0 CLUTCH",1Z,アイシン化工（株）,A1,A1,TP-331,20,TP331ﾌﾀﾅｼ,1,6,12.6,1.39,3,0.89,0.89,1.1,0.5
356790LC050,"FLANGE, K-0 CLUTCH",1Z,アイシン化工（株）,A1,A1,TP-331,20,TP331ﾌﾀﾅｼ,1,6,12.6,2.05,3,1.25,1.25,1.1,0.5
356790LC060,"FLANGE, K-0 CLUTCH",1Z,アイシン化工（株）,A1,A1,TP-331,20,TP331ﾌﾀﾅｼ,1,6,12.6,1.39,3,0.89,0.89,1.1,0.5
356790LC060,"FLANGE, K-0 CLUTCH",1Z,アイシン化工（株）,A1,A1,TP-331,20,TP331ﾌﾀﾅｼ,1,6,12.6,2.05,3,1.25,1.25,1.1,0.5
356790LC070,"FLANGE, K-0 CLUTCH",1Z,アイシン化工（株）,A1,A1,TP-331,20,TP331,1,6,12.6,1.39,3,0.89,0.89,1.1,0.5
356790LC070,"FLANGE, K-0 CLUTCH",1Z,アイシン化工（株）,A1,A1,TP-331,20,TP331,1,6,12.6,2.05,3,1.25,1.25,1.1,0.5
356790LC080,"FLANGE, K-0 CLUTCH",1Z,アイシン化工（株）,A1,A1,TP-331,20,TP331ﾌﾀﾅｼ,1,6,12.6,1.39,2,0.89,0.89,1.1,0.5
356790LC080,"FLANGE, K-0 CLUTCH",1Z,アイシン化工（株）,A1,A1,TP-331,20,TP331ﾌﾀﾅｼ,1,6,12.6,2.05,2,1.25,1.25,1.1,0.5
356790LC090,"FLANGE, K-0 CLUTCH",1Z,アイシン化工（株）,A1,A1,TP-331,20,TP331ﾌﾀﾅｼ,1,6,12.6,1.39,1,0.89,0.89,1.1,0.5
356790LC090,"FLANGE, K-0 CLUTCH",1Z,アイシン化工（株）,A1,A1,TP-331,20,TP331ﾌﾀﾅｼ,1,6,12.6,2.05,1,1.25,1.25,1.1,0.5
356790LC100,"FLANGE, K-0 CLUTCH",1Z,アイシン化工（株）,A1,A1,TP-331,20,TP331ﾌﾀﾅｼ,1,6,12.6,1.39,1,0.89,0.89,1,0.5
356790LC100,"FLANGE, K-0 CLUTCH",1Z,アイシン化工（株）,A1,A1,TP-331,20,TP331ﾌﾀﾅｼ,1,6,12.6,2.05,1,1.25,1.25,1.1,0.5
356790LC110,"FLANGE, K-0 CLUTCH",1Z,アイシン化工（株）,A1,A1,TP-331,20,TP331ﾌﾀﾅｼ,1,6,12.6,1.39,1,0.89,0.89,1.1,0.5
356790LC110,"FLANGE, K-0 CLUTCH",1Z,アイシン化工（株）,A1,A1,TP-331,20,TP331ﾌﾀﾅｼ,1,6,12.6,2.05,1,1.25,1.25,1.1,0.5
356790LC120,"FLANGE, K-0 CLUTCH",1Z,アイシン化工（株）,A1,A1,TP-331,20,TP331ﾌﾀﾅｼ,1,6,12.6,1.39,1,0.89,0.89,1.1,0.5
356790LC120,"FLANGE, K-0 CLUTCH",1Z,アイシン化工（株）,A1,A1,TP-331,20,TP331ﾌﾀﾅｼ,1,6,12.6,2.05,1,1.25,1.25,1.1,0.5
356790LC130,"FLANGE, K-0 CLUTCH",1Z,アイシン化工（株）,A1,A1,TP-331,20,TP331ﾌﾀﾅｼ,1,6,12.6,1.39,1,0.89,0.89,1.1,0.5
356790LC130,"FLANGE, K-0 CLUTCH",1Z,アイシン化工（株）,A1,A1,TP-331,20,TP331ﾌﾀﾅｼ,1,6,12.6,2.05,1,1.25,1.25,1.1,0.5
356790LC140,"FLANGE, K-0 CLUTCH",1Z,アイシン化工（株）,A1,A1,TP-331,20,TP331ﾌﾀﾅｼ,1,6,12.6,1.39,1,0.89,0.89,1.1,0.5
356790LC140,"FLANGE, K-0 CLUTCH",1Z,アイシン化工（株）,A1,A1,TP-331,20,TP331ﾌﾀﾅｼ,1,6,12.6,2.05,1,1.25,1.25,1.1,0.5
356790LC150,"FLANGE, K-0 CLUTCH",1Z,アイシン化工（株）,A1,A1,TP-331,20,TP331ﾌﾀﾅｼ,1,6,12.6,1.39,1,0.89,0.89,1.1,0.5
356790LC150,"FLANGE, K-0 CLUTCH",1Z,アイシン化工（株）,A1,A1,TP-331,20,TP331ﾌﾀﾅｼ,1,6,12.6,2.05,1,1.25,1.25,1.1,0.5
356790LC160,"FLANGE, K-0 CLUTCH",1Z,アイシン化工（株）,A1,A1,TP-331,20,TP331ﾌﾀﾅｼ,1,6,12.6,1.39,1,0.89,0.89,1.1,0.5
356790LC160,"FLANGE, K-0 CLUTCH",1Z,アイシン化工（株）,A1,A1,TP-331,20,TP331ﾌﾀﾅｼ,1,6,12.6,2.05,1,1.25,1.25,1.1,0.5
356790LC170,"FLANGE, K-0 CLUTCH",1Z,アイシン化工（株）,A1,A1,TP-331,20,TP331ﾌﾀﾅｼ,1,6,12.6,1.39,1,0.89,0.89,1.1,0.5
356790LC170,"FLANGE, K-0 CLUTCH",1Z,アイシン化工（株）,A1,A1,TP-331,20,TP331ﾌﾀﾅｼ,1,6,12.6,2.05,1,1.25,1.25,1.1,0.5
3539450A010,"MAGNET, OIL CLEANER",1Z,ミズショー（株）,A1,A1,TP-331,2000,TP331ﾌﾀﾅｼ,1,1,2,1.36,2,0.86,0.86,1.1,0.5
9025006027,"PIN, STRAIGHT",1Z,（株）水野鉄工所,A1,A1,TP-131,2000,TP131ﾌﾀﾅｼ,1,1,1.81,1.35,2,0.85,0.85,1.1,0.5
9025010017,"PIN, STRAIGHT",1Z,（株）水野鉄工所,A1,A1,TP-131,700,TP131ﾌﾀﾅｼ,1,1,1.81,1.35,3,0.85,0.85,1.1,0.5
G118034010,"CORE ASSY, MOTOR ROTOR",1Z,（株）三井ハイテック,0,0,ﾊｰﾌAﾊﾟﾚ,24,,1,1,3.49,1.75,1,1.25,1.25,1.1,0.5
1040052103H,"PLUG, W/HEAD STRAIGHT SCREW",1Z,ミヅホ工業（株）,A1,A1,TP-331,1000,TP331ﾌﾀﾅｼ,1,1,1.9,1.35,3,0.85,0.85,1.1,0.5
391710LC010,"COVER, MOTOR HOUSING",1Z,リョービ（株）,B4,B4,Fｺﾝ,5,,1,6,4.56,1.25,16,0.75,0.75,1.1,0.5
356170LC060,"RING, SEAL",1Z,（株）リケン,A1,A1,TP-131,600,TP131ﾌﾀﾅｼ,1,1,1.93,1.36,3,0.86,0.86,1.1,0.5
019120LC030,"CAP, SHIPPING",1Z,日進工業（株）,A2,A2,TP-332,50,TP-332,1,1,0.98,1.26,4,0.76,0.76,1.1,0.5
019120LC050,"CAP, SHIPPING",1Z,日進工業（株）,A1,A1,TP-331,500,TP331ﾌﾀﾅｼ,1,1,0.98,1.26,4,0.76,0.76,1.1,0.5
3040040039Y,"KEY, STRAIGHT",1Z,サンコール（株）,A1,A1,AW-131,2000,AW-131,1,1,2.26,1.39,2,0.89,0.89,1.1,0.5
9052032A001,"RING, SHAFT SNAP",1Z,サンコール（株）,A1,A1,AW-131,1000,TP131ﾌﾀﾅｼ,1,1,2.26,1.39,4,0.89,0.89,1.1,0.5
9052042A002,"RING, SHAFT SNAP",1Z,サンコール（株）,A1,A1,AW-131,500,TP131ﾌﾀﾅｼ,1,1,2.26,1.39,2,0.89,0.89,1.1,0.5
354260LD010,"(CA), K-0 CLUTCH PISTON",1Z,ダイキャスト東和産業（株）,0,0,Bﾊﾟﾚ,150,,1,1,1,1,1,1,1,1,0.5
356680LD010,"(CA), NO.1 CLUTCH BALANCER",1Z,ダイキャスト東和産業（株）,0,0,Bﾊﾟﾚ,500,,1,1,1,1,1,1,1,1,0.5
354710LD010,"(CA), UPR VALVE BODY COVER",1Z,（株）トウチュウ,0,0,Bﾊﾟﾚ,700,,1,1,1,1,1,1,1,1,0.5
321110LC010,"PLATE, DRIVEN",1Z,山崎工業（株）,B2,B2,ｻﾝﾎﾞﾂｸｽ,7,,1,1,1,1,1,1,1,1,0.5
321118LA010,"PLATE, DRIVEN",1Z,山崎工業（株）,#N/A,#N/A,,1,,1,1,1,0,0,0,0,1.2,0.5
356440LF030,"(FO), ROTOR OUTER HUB",1Z,（株）コタニ,A2,A2,TP-332.5,3,,1,1,1,1,1,1,1,1,0.5
356310LC010,"HUB, K-0 CLUTCH",1Z,太平洋工業（株）,B2,B2,TP-342,20,,1,1,1,1,1,1,1,1,0.5
356430LF010,"(FO), ROTOR INNER HUB",1Z,トーカイ（株）,0,0,ｼﾞﾕｼﾊﾟﾚ,150,,1,1,1,1,1,1,1,1,0.5
357110LF040,"(FO), HYBRID MODULE INPUT SHAFT",1Z,トーカイ（株）,0,0,ｼﾞﾕｼﾊﾟﾚ,300,,1,1,1,1,1,1,1,1,0.5
357710LF050,"(FO), HYBRID MODULE OUTPUT SHAFT",1Z,トーカイ（株）,0,0,ｼﾞﾕｼﾊﾟﾚ,200,,1,1,1,1,1,1,1,1,0.5
351710LF010,"(FO), ROTOR COVER",1Z,（株）ゴーシュー,0,0,Bﾊﾟﾚ,150,,1,1,1,1,1,1,1,1,0.5
894290LC020,"SENSOR, TEMPERATURE",1Z,ＴＤＫ（株）,0,0,ﾀﾞﾝﾎﾞ-ﾙﾊﾞｺ,500,,1,1,1,1,1,1,1,1,0.5
G112634010,"MAGNET, MOTOR ROTOR",1Z,岡谷鋼機（株）,0,0,ﾀﾞﾝﾎﾞ-ﾙﾊﾞｺ,960,,1,1,1,1,1,1,1,1,0.5
